run_id,exp,mode,repeat,ts,execs_done,paths_total,edges_found,bitmap_cvg
p1_e1_cjson_baseline-afl_r01,e1,baseline-afl,r01,1779372432,188,0,169,14.820000
p1_e1_cjson_baseline-afl_r01,e1,baseline-afl,r01,1779372432,188,0,169,14.820000
p1_e1_cjson_baseline-afl_r01,e1,baseline-afl,r01,1779372432,188,0,169,14.820000
p1_e1_cjson_baseline-afl_r01,e1,baseline-afl,r01,1779372432,188,0,169,14.820000
p1_e1_cjson_baseline-afl_r01,e1,baseline-afl,r01,1779372432,188,0,169,14.820000
p1_e1_cjson_baseline-afl_r01,e1,baseline-afl,r01,1779372432,188,0,169,14.820000
p1_e1_cjson_baseline-afl_r01,e1,baseline-afl,r01,1779372432,188,0,169,14.820000
p1_e1_cjson_baseline-afl_r01,e1,baseline-afl,r01,1779372432,188,0,169,14.820000
p1_e1_cjson_baseline-afl_r01,e1,baseline-afl,r01,1779372432,188,0,169,14.820000
p1_e1_cjson_baseline-afl_r01,e1,baseline-afl,r01,1779372432,188,0,169,14.820000
p1_e1_cjson_baseline-afl_r01,e1,baseline-afl,r01,1779372432,188,0,169,14.820000
p1_e1_cjson_baseline-afl_r01,e1,baseline-afl,r01,1779372432,188,0,169,14.820000
p1_e1_cjson_baseline-afl_r01,e1,baseline-afl,r01,1779372432,188,0,169,14.820000
p1_e1_cjson_baseline-afl_r01,e1,baseline-afl,r01,1779372432,188,0,169,14.820000
p1_e1_cjson_baseline-afl_r01,e1,baseline-afl,r01,1779372432,188,0,169,14.820000
p1_e1_cjson_baseline-afl_r01,e1,baseline-afl,r01,1779372432,188,0,169,14.820000
p1_e1_cjson_baseline-afl_r01,e1,baseline-afl,r01,1779372432,188,0,169,14.820000
p1_e1_cjson_baseline-afl_r01,e1,baseline-afl,r01,1779372432,188,0,169,14.820000
p1_e1_cjson_baseline-afl_r01,e1,baseline-afl,r01,1779372432,188,0,169,14.820000
p1_e1_cjson_baseline-afl_r01,e1,baseline-afl,r01,1779372432,188,0,169,14.820000
p1_e1_cjson_baseline-afl_r01,e1,baseline-afl,r01,1779372432,188,0,169,14.820000
p1_e1_cjson_baseline-afl_r01,e1,baseline-afl,r01,1779372432,188,0,169,14.820000
p1_e1_cjson_baseline-afl_r01,e1,baseline-afl,r01,1779372432,188,0,169,14.820000
p1_e1_cjson_baseline-afl_r01,e1,baseline-afl,r01,1779372432,188,0,169,14.820000
p1_e1_cjson_baseline-afl_r01,e1,baseline-afl,r01,1779372432,188,0,169,14.820000
p1_e1_cjson_baseline-afl_r01,e1,baseline-afl,r01,1779372432,188,0,169,14.820000
p1_e1_cjson_baseline-afl_r01,e1,baseline-afl,r01,1779372432,188,0,169,14.820000
p1_e1_cjson_baseline-afl_r01,e1,baseline-afl,r01,1779372432,188,0,169,14.820000
p1_e1_cjson_baseline-afl_r01,e1,baseline-afl,r01,1779372432,188,0,169,14.820000
p1_e1_cjson_baseline-afl_r01,e1,baseline-afl,r01,1779372432,188,0,169,14.820000
p1_e1_cjson_baseline-afl_r01,e1,baseline-afl,r01,1779372432,188,0,169,14.820000
p1_e1_cjson_baseline-afl_r01,e1,baseline-afl,r01,1779372432,188,0,169,14.820000
p1_e1_cjson_baseline-afl_r01,e1,baseline-afl,r01,1779372432,188,0,169,14.820000
p1_e1_cjson_baseline-afl_r01,e1,baseline-afl,r01,1779372432,188,0,169,14.820000
p1_e1_cjson_baseline-afl_r01,e1,baseline-afl,r01,1779372432,188,0,169,14.820000
p1_e1_cjson_baseline-afl_r01,e1,baseline-afl,r01,1779372432,188,0,169,14.820000
p1_e1_cjson_baseline-afl_r01,e1,baseline-afl,r01,1779372432,188,0,169,14.820000
p1_e1_cjson_baseline-afl_r01,e1,baseline-afl,r01,1779372432,188,0,169,14.820000
p1_e1_cjson_baseline-afl_r01,e1,baseline-afl,r01,1779372432,188,0,169,14.820000
p1_e1_cjson_baseline-afl_r01,e1,baseline-afl,r01,1779372432,188,0,169,14.820000
p1_e1_cjson_baseline-afl_r01,e1,baseline-afl,r01,1779372432,188,0,169,14.820000
p1_e1_cjson_baseline-afl_r01,e1,baseline-afl,r01,1779372432,188,0,169,14.820000
p1_e1_cjson_baseline-afl_r01,e1,baseline-afl,r01,1779372432,188,0,169,14.820000
p1_e1_cjson_baseline-afl_r01,e1,baseline-afl,r01,1779372432,188,0,169,14.820000
p1_e1_cjson_baseline-afl_r01,e1,baseline-afl,r01,1779372432,188,0,169,14.820000
p1_e1_cjson_baseline-afl_r01,e1,baseline-afl,r01,1779372432,188,0,169,14.820000
p1_e1_cjson_baseline-afl_r01,e1,baseline-afl,r01,1779372432,188,0,169,14.820000
p1_e1_cjson_baseline-afl_r01,e1,baseline-afl,r01,1779372432,188,0,169,14.820000
p1_e1_cjson_baseline-afl_r01,e1,baseline-afl,r01,1779372432,188,0,169,14.820000
p1_e1_cjson_baseline-afl_r01,e1,baseline-afl,r01,1779372432,188,0,169,14.820000
p1_e1_cjson_baseline-afl_r01,e1,baseline-afl,r01,1779372432,188,0,169,14.820000
p1_e1_cjson_baseline-afl_r01,e1,baseline-afl,r01,1779372432,188,0,169,14.820000
p1_e1_cjson_baseline-afl_r01,e1,baseline-afl,r01,1779372432,188,0,169,14.820000
p1_e1_cjson_baseline-afl_r01,e1,baseline-afl,r01,1779372432,188,0,169,14.820000
p1_e1_cjson_baseline-afl_r01,e1,baseline-afl,r01,1779372432,188,0,169,14.820000
p1_e1_cjson_baseline-afl_r01,e1,baseline-afl,r01,1779372432,188,0,169,14.820000
p1_e1_cjson_baseline-afl_r01,e1,baseline-afl,r01,1779372432,188,0,169,14.820000
p1_e1_cjson_baseline-afl_r01,e1,baseline-afl,r01,1779372432,188,0,169,14.820000
p1_e1_cjson_baseline-afl_r01,e1,baseline-afl,r01,1779372432,188,0,169,14.820000
p1_e1_cjson_baseline-afl_r01,e1,baseline-afl,r01,1779372492,9124550,0,249,21.840000
p1_e1_cjson_baseline-afl_r01,e1,baseline-afl,r01,1779372492,9124550,0,249,21.840000
p1_e1_cjson_baseline-afl_r01,e1,baseline-afl,r01,1779372492,9124550,0,249,21.840000
p1_e1_cjson_baseline-afl_r01,e1,baseline-afl,r01,1779372492,9124550,0,249,21.840000
p1_e1_cjson_baseline-afl_r01,e1,baseline-afl,r01,1779372492,9124550,0,249,21.840000
p1_e1_cjson_baseline-afl_r01,e1,baseline-afl,r01,1779372492,9124550,0,249,21.840000
p1_e1_cjson_baseline-afl_r01,e1,baseline-afl,r01,1779372492,9124550,0,249,21.840000
p1_e1_cjson_baseline-afl_r01,e1,baseline-afl,r01,1779372492,9124550,0,249,21.840000
p1_e1_cjson_baseline-afl_r01,e1,baseline-afl,r01,1779372492,9124550,0,249,21.840000
p1_e1_cjson_baseline-afl_r01,e1,baseline-afl,r01,1779372492,9124550,0,249,21.840000
p1_e1_cjson_baseline-afl_r01,e1,baseline-afl,r01,1779372492,9124550,0,249,21.840000
p1_e1_cjson_baseline-afl_r01,e1,baseline-afl,r01,1779372492,9124550,0,249,21.840000
p1_e1_cjson_baseline-afl_r01,e1,baseline-afl,r01,1779372492,9124550,0,249,21.840000
p1_e1_cjson_baseline-afl_r01,e1,baseline-afl,r01,1779372492,9124550,0,249,21.840000
p1_e1_cjson_baseline-afl_r01,e1,baseline-afl,r01,1779372492,9124550,0,249,21.840000
p1_e1_cjson_baseline-afl_r01,e1,baseline-afl,r01,1779372492,9124550,0,249,21.840000
p1_e1_cjson_baseline-afl_r01,e1,baseline-afl,r01,1779372492,9124550,0,249,21.840000
p1_e1_cjson_baseline-afl_r01,e1,baseline-afl,r01,1779372492,9124550,0,249,21.840000
p1_e1_cjson_baseline-afl_r01,e1,baseline-afl,r01,1779372492,9124550,0,249,21.840000
p1_e1_cjson_baseline-afl_r01,e1,baseline-afl,r01,1779372492,9124550,0,249,21.840000
p1_e1_cjson_baseline-afl_r01,e1,baseline-afl,r01,1779372492,9124550,0,249,21.840000
p1_e1_cjson_baseline-afl_r01,e1,baseline-afl,r01,1779372492,9124550,0,249,21.840000
p1_e1_cjson_baseline-afl_r01,e1,baseline-afl,r01,1779372492,9124550,0,249,21.840000
p1_e1_cjson_baseline-afl_r01,e1,baseline-afl,r01,1779372492,9124550,0,249,21.840000
p1_e1_cjson_baseline-afl_r01,e1,baseline-afl,r01,1779372492,9124550,0,249,21.840000
p1_e1_cjson_baseline-afl_r01,e1,baseline-afl,r01,1779372492,9124550,0,249,21.840000
p1_e1_cjson_baseline-afl_r01,e1,baseline-afl,r01,1779372492,9124550,0,249,21.840000
p1_e1_cjson_baseline-afl_r01,e1,baseline-afl,r01,1779372492,9124550,0,249,21.840000
p1_e1_cjson_baseline-afl_r01,e1,baseline-afl,r01,1779372492,9124550,0,249,21.840000
p1_e1_cjson_baseline-afl_r01,e1,baseline-afl,r01,1779372492,9124550,0,249,21.840000
p1_e1_cjson_baseline-afl_r01,e1,baseline-afl,r01,1779372492,9124550,0,249,21.840000
p1_e1_cjson_baseline-afl_r01,e1,baseline-afl,r01,1779372492,9124550,0,249,21.840000
p1_e1_cjson_baseline-afl_r01,e1,baseline-afl,r01,1779372492,9124550,0,249,21.840000
p1_e1_cjson_baseline-afl_r01,e1,baseline-afl,r01,1779372492,9124550,0,249,21.840000
p1_e1_cjson_baseline-afl_r01,e1,baseline-afl,r01,1779372492,9124550,0,249,21.840000
p1_e1_cjson_baseline-afl_r01,e1,baseline-afl,r01,1779372492,9124550,0,249,21.840000
p1_e1_cjson_baseline-afl_r01,e1,baseline-afl,r01,1779372492,9124550,0,249,21.840000
p1_e1_cjson_baseline-afl_r01,e1,baseline-afl,r01,1779372492,9124550,0,249,21.840000
p1_e1_cjson_baseline-afl_r01,e1,baseline-afl,r01,1779372492,9124550,0,249,21.840000
p1_e1_cjson_baseline-afl_r01,e1,baseline-afl,r01,1779372492,9124550,0,249,21.840000
p1_e1_cjson_baseline-afl_r01,e1,baseline-afl,r01,1779372492,9124550,0,249,21.840000
p1_e1_cjson_baseline-afl_r01,e1,baseline-afl,r01,1779372492,9124550,0,249,21.840000
p1_e1_cjson_baseline-afl_r01,e1,baseline-afl,r01,1779372492,9124550,0,249,21.840000
p1_e1_cjson_baseline-afl_r01,e1,baseline-afl,r01,1779372492,9124550,0,249,21.840000
p1_e1_cjson_baseline-afl_r01,e1,baseline-afl,r01,1779372492,9124550,0,249,21.840000
p1_e1_cjson_baseline-afl_r01,e1,baseline-afl,r01,1779372492,9124550,0,249,21.840000
p1_e1_cjson_baseline-afl_r01,e1,baseline-afl,r01,1779372492,9124550,0,249,21.840000
p1_e1_cjson_baseline-afl_r01,e1,baseline-afl,r01,1779372492,9124550,0,249,21.840000
p1_e1_cjson_baseline-afl_r01,e1,baseline-afl,r01,1779372492,9124550,0,249,21.840000
p1_e1_cjson_baseline-afl_r01,e1,baseline-afl,r01,1779372492,9124550,0,249,21.840000
p1_e1_cjson_baseline-afl_r01,e1,baseline-afl,r01,1779372492,9124550,0,249,21.840000
p1_e1_cjson_baseline-afl_r01,e1,baseline-afl,r01,1779372492,9124550,0,249,21.840000
p1_e1_cjson_baseline-afl_r01,e1,baseline-afl,r01,1779372492,9124550,0,249,21.840000
p1_e1_cjson_baseline-afl_r01,e1,baseline-afl,r01,1779372492,9124550,0,249,21.840000
p1_e1_cjson_baseline-afl_r01,e1,baseline-afl,r01,1779372492,9124550,0,249,21.840000
p1_e1_cjson_baseline-afl_r01,e1,baseline-afl,r01,1779372492,9124550,0,249,21.840000
p1_e1_cjson_baseline-afl_r01,e1,baseline-afl,r01,1779372492,9124550,0,249,21.840000
p1_e1_cjson_baseline-afl_r01,e1,baseline-afl,r01,1779372492,9124550,0,249,21.840000
p1_e1_cjson_baseline-afl_r01,e1,baseline-afl,r01,1779372492,9124550,0,249,21.840000
p1_e1_cjson_baseline-afl_r01,e1,baseline-afl,r01,1779372492,9124550,0,249,21.840000
p1_e1_cjson_baseline-afl_r01,e1,baseline-afl,r01,1779372552,18136373,0,249,21.840000
p1_e1_cjson_baseline-afl_r02,e1,baseline-afl,r02,1779372432,188,0,169,14.820000
p1_e1_cjson_baseline-afl_r02,e1,baseline-afl,r02,1779372432,188,0,169,14.820000
p1_e1_cjson_baseline-afl_r02,e1,baseline-afl,r02,1779372432,188,0,169,14.820000
p1_e1_cjson_baseline-afl_r02,e1,baseline-afl,r02,1779372432,188,0,169,14.820000
p1_e1_cjson_baseline-afl_r02,e1,baseline-afl,r02,1779372432,188,0,169,14.820000
p1_e1_cjson_baseline-afl_r02,e1,baseline-afl,r02,1779372432,188,0,169,14.820000
p1_e1_cjson_baseline-afl_r02,e1,baseline-afl,r02,1779372432,188,0,169,14.820000
p1_e1_cjson_baseline-afl_r02,e1,baseline-afl,r02,1779372432,188,0,169,14.820000
p1_e1_cjson_baseline-afl_r02,e1,baseline-afl,r02,1779372432,188,0,169,14.820000
p1_e1_cjson_baseline-afl_r02,e1,baseline-afl,r02,1779372432,188,0,169,14.820000
p1_e1_cjson_baseline-afl_r02,e1,baseline-afl,r02,1779372432,188,0,169,14.820000
p1_e1_cjson_baseline-afl_r02,e1,baseline-afl,r02,1779372432,188,0,169,14.820000
p1_e1_cjson_baseline-afl_r02,e1,baseline-afl,r02,1779372432,188,0,169,14.820000
p1_e1_cjson_baseline-afl_r02,e1,baseline-afl,r02,1779372432,188,0,169,14.820000
p1_e1_cjson_baseline-afl_r02,e1,baseline-afl,r02,1779372432,188,0,169,14.820000
p1_e1_cjson_baseline-afl_r02,e1,baseline-afl,r02,1779372432,188,0,169,14.820000
p1_e1_cjson_baseline-afl_r02,e1,baseline-afl,r02,1779372432,188,0,169,14.820000
p1_e1_cjson_baseline-afl_r02,e1,baseline-afl,r02,1779372432,188,0,169,14.820000
p1_e1_cjson_baseline-afl_r02,e1,baseline-afl,r02,1779372432,188,0,169,14.820000
p1_e1_cjson_baseline-afl_r02,e1,baseline-afl,r02,1779372432,188,0,169,14.820000
p1_e1_cjson_baseline-afl_r02,e1,baseline-afl,r02,1779372432,188,0,169,14.820000
p1_e1_cjson_baseline-afl_r02,e1,baseline-afl,r02,1779372432,188,0,169,14.820000
p1_e1_cjson_baseline-afl_r02,e1,baseline-afl,r02,1779372432,188,0,169,14.820000
p1_e1_cjson_baseline-afl_r02,e1,baseline-afl,r02,1779372432,188,0,169,14.820000
p1_e1_cjson_baseline-afl_r02,e1,baseline-afl,r02,1779372432,188,0,169,14.820000
p1_e1_cjson_baseline-afl_r02,e1,baseline-afl,r02,1779372432,188,0,169,14.820000
p1_e1_cjson_baseline-afl_r02,e1,baseline-afl,r02,1779372432,188,0,169,14.820000
p1_e1_cjson_baseline-afl_r02,e1,baseline-afl,r02,1779372432,188,0,169,14.820000
p1_e1_cjson_baseline-afl_r02,e1,baseline-afl,r02,1779372432,188,0,169,14.820000
p1_e1_cjson_baseline-afl_r02,e1,baseline-afl,r02,1779372432,188,0,169,14.820000
p1_e1_cjson_baseline-afl_r02,e1,baseline-afl,r02,1779372432,188,0,169,14.820000
p1_e1_cjson_baseline-afl_r02,e1,baseline-afl,r02,1779372432,188,0,169,14.820000
p1_e1_cjson_baseline-afl_r02,e1,baseline-afl,r02,1779372432,188,0,169,14.820000
p1_e1_cjson_baseline-afl_r02,e1,baseline-afl,r02,1779372432,188,0,169,14.820000
p1_e1_cjson_baseline-afl_r02,e1,baseline-afl,r02,1779372432,188,0,169,14.820000
p1_e1_cjson_baseline-afl_r02,e1,baseline-afl,r02,1779372432,188,0,169,14.820000
p1_e1_cjson_baseline-afl_r02,e1,baseline-afl,r02,1779372432,188,0,169,14.820000
p1_e1_cjson_baseline-afl_r02,e1,baseline-afl,r02,1779372432,188,0,169,14.820000
p1_e1_cjson_baseline-afl_r02,e1,baseline-afl,r02,1779372432,188,0,169,14.820000
p1_e1_cjson_baseline-afl_r02,e1,baseline-afl,r02,1779372432,188,0,169,14.820000
p1_e1_cjson_baseline-afl_r02,e1,baseline-afl,r02,1779372432,188,0,169,14.820000
p1_e1_cjson_baseline-afl_r02,e1,baseline-afl,r02,1779372432,188,0,169,14.820000
p1_e1_cjson_baseline-afl_r02,e1,baseline-afl,r02,1779372432,188,0,169,14.820000
p1_e1_cjson_baseline-afl_r02,e1,baseline-afl,r02,1779372432,188,0,169,14.820000
p1_e1_cjson_baseline-afl_r02,e1,baseline-afl,r02,1779372432,188,0,169,14.820000
p1_e1_cjson_baseline-afl_r02,e1,baseline-afl,r02,1779372432,188,0,169,14.820000
p1_e1_cjson_baseline-afl_r02,e1,baseline-afl,r02,1779372432,188,0,169,14.820000
p1_e1_cjson_baseline-afl_r02,e1,baseline-afl,r02,1779372432,188,0,169,14.820000
p1_e1_cjson_baseline-afl_r02,e1,baseline-afl,r02,1779372432,188,0,169,14.820000
p1_e1_cjson_baseline-afl_r02,e1,baseline-afl,r02,1779372432,188,0,169,14.820000
p1_e1_cjson_baseline-afl_r02,e1,baseline-afl,r02,1779372432,188,0,169,14.820000
p1_e1_cjson_baseline-afl_r02,e1,baseline-afl,r02,1779372432,188,0,169,14.820000
p1_e1_cjson_baseline-afl_r02,e1,baseline-afl,r02,1779372432,188,0,169,14.820000
p1_e1_cjson_baseline-afl_r02,e1,baseline-afl,r02,1779372432,188,0,169,14.820000
p1_e1_cjson_baseline-afl_r02,e1,baseline-afl,r02,1779372432,188,0,169,14.820000
p1_e1_cjson_baseline-afl_r02,e1,baseline-afl,r02,1779372432,188,0,169,14.820000
p1_e1_cjson_baseline-afl_r02,e1,baseline-afl,r02,1779372432,188,0,169,14.820000
p1_e1_cjson_baseline-afl_r02,e1,baseline-afl,r02,1779372432,188,0,169,14.820000
p1_e1_cjson_baseline-afl_r02,e1,baseline-afl,r02,1779372432,188,0,169,14.820000
p1_e1_cjson_baseline-afl_r02,e1,baseline-afl,r02,1779372492,9067323,0,249,21.840000
p1_e1_cjson_baseline-afl_r02,e1,baseline-afl,r02,1779372492,9067323,0,249,21.840000
p1_e1_cjson_baseline-afl_r02,e1,baseline-afl,r02,1779372492,9067323,0,249,21.840000
p1_e1_cjson_baseline-afl_r02,e1,baseline-afl,r02,1779372492,9067323,0,249,21.840000
p1_e1_cjson_baseline-afl_r02,e1,baseline-afl,r02,1779372492,9067323,0,249,21.840000
p1_e1_cjson_baseline-afl_r02,e1,baseline-afl,r02,1779372492,9067323,0,249,21.840000
p1_e1_cjson_baseline-afl_r02,e1,baseline-afl,r02,1779372492,9067323,0,249,21.840000
p1_e1_cjson_baseline-afl_r02,e1,baseline-afl,r02,1779372492,9067323,0,249,21.840000
p1_e1_cjson_baseline-afl_r02,e1,baseline-afl,r02,1779372492,9067323,0,249,21.840000
p1_e1_cjson_baseline-afl_r02,e1,baseline-afl,r02,1779372492,9067323,0,249,21.840000
p1_e1_cjson_baseline-afl_r02,e1,baseline-afl,r02,1779372492,9067323,0,249,21.840000
p1_e1_cjson_baseline-afl_r02,e1,baseline-afl,r02,1779372492,9067323,0,249,21.840000
p1_e1_cjson_baseline-afl_r02,e1,baseline-afl,r02,1779372492,9067323,0,249,21.840000
p1_e1_cjson_baseline-afl_r02,e1,baseline-afl,r02,1779372492,9067323,0,249,21.840000
p1_e1_cjson_baseline-afl_r02,e1,baseline-afl,r02,1779372492,9067323,0,249,21.840000
p1_e1_cjson_baseline-afl_r02,e1,baseline-afl,r02,1779372492,9067323,0,249,21.840000
p1_e1_cjson_baseline-afl_r02,e1,baseline-afl,r02,1779372492,9067323,0,249,21.840000
p1_e1_cjson_baseline-afl_r02,e1,baseline-afl,r02,1779372492,9067323,0,249,21.840000
p1_e1_cjson_baseline-afl_r02,e1,baseline-afl,r02,1779372492,9067323,0,249,21.840000
p1_e1_cjson_baseline-afl_r02,e1,baseline-afl,r02,1779372492,9067323,0,249,21.840000
p1_e1_cjson_baseline-afl_r02,e1,baseline-afl,r02,1779372492,9067323,0,249,21.840000
p1_e1_cjson_baseline-afl_r02,e1,baseline-afl,r02,1779372492,9067323,0,249,21.840000
p1_e1_cjson_baseline-afl_r02,e1,baseline-afl,r02,1779372492,9067323,0,249,21.840000
p1_e1_cjson_baseline-afl_r02,e1,baseline-afl,r02,1779372492,9067323,0,249,21.840000
p1_e1_cjson_baseline-afl_r02,e1,baseline-afl,r02,1779372492,9067323,0,249,21.840000
p1_e1_cjson_baseline-afl_r02,e1,baseline-afl,r02,1779372492,9067323,0,249,21.840000
p1_e1_cjson_baseline-afl_r02,e1,baseline-afl,r02,1779372492,9067323,0,249,21.840000
p1_e1_cjson_baseline-afl_r02,e1,baseline-afl,r02,1779372492,9067323,0,249,21.840000
p1_e1_cjson_baseline-afl_r02,e1,baseline-afl,r02,1779372492,9067323,0,249,21.840000
p1_e1_cjson_baseline-afl_r02,e1,baseline-afl,r02,1779372492,9067323,0,249,21.840000
p1_e1_cjson_baseline-afl_r02,e1,baseline-afl,r02,1779372492,9067323,0,249,21.840000
p1_e1_cjson_baseline-afl_r02,e1,baseline-afl,r02,1779372492,9067323,0,249,21.840000
p1_e1_cjson_baseline-afl_r02,e1,baseline-afl,r02,1779372492,9067323,0,249,21.840000
p1_e1_cjson_baseline-afl_r02,e1,baseline-afl,r02,1779372492,9067323,0,249,21.840000
p1_e1_cjson_baseline-afl_r02,e1,baseline-afl,r02,1779372492,9067323,0,249,21.840000
p1_e1_cjson_baseline-afl_r02,e1,baseline-afl,r02,1779372492,9067323,0,249,21.840000
p1_e1_cjson_baseline-afl_r02,e1,baseline-afl,r02,1779372492,9067323,0,249,21.840000
p1_e1_cjson_baseline-afl_r02,e1,baseline-afl,r02,1779372492,9067323,0,249,21.840000
p1_e1_cjson_baseline-afl_r02,e1,baseline-afl,r02,1779372492,9067323,0,249,21.840000
p1_e1_cjson_baseline-afl_r02,e1,baseline-afl,r02,1779372492,9067323,0,249,21.840000
p1_e1_cjson_baseline-afl_r02,e1,baseline-afl,r02,1779372492,9067323,0,249,21.840000
p1_e1_cjson_baseline-afl_r02,e1,baseline-afl,r02,1779372492,9067323,0,249,21.840000
p1_e1_cjson_baseline-afl_r02,e1,baseline-afl,r02,1779372492,9067323,0,249,21.840000
p1_e1_cjson_baseline-afl_r02,e1,baseline-afl,r02,1779372492,9067323,0,249,21.840000
p1_e1_cjson_baseline-afl_r02,e1,baseline-afl,r02,1779372492,9067323,0,249,21.840000
p1_e1_cjson_baseline-afl_r02,e1,baseline-afl,r02,1779372492,9067323,0,249,21.840000
p1_e1_cjson_baseline-afl_r02,e1,baseline-afl,r02,1779372492,9067323,0,249,21.840000
p1_e1_cjson_baseline-afl_r02,e1,baseline-afl,r02,1779372492,9067323,0,249,21.840000
p1_e1_cjson_baseline-afl_r02,e1,baseline-afl,r02,1779372492,9067323,0,249,21.840000
p1_e1_cjson_baseline-afl_r02,e1,baseline-afl,r02,1779372492,9067323,0,249,21.840000
p1_e1_cjson_baseline-afl_r02,e1,baseline-afl,r02,1779372492,9067323,0,249,21.840000
p1_e1_cjson_baseline-afl_r02,e1,baseline-afl,r02,1779372492,9067323,0,249,21.840000
p1_e1_cjson_baseline-afl_r02,e1,baseline-afl,r02,1779372492,9067323,0,249,21.840000
p1_e1_cjson_baseline-afl_r02,e1,baseline-afl,r02,1779372492,9067323,0,249,21.840000
p1_e1_cjson_baseline-afl_r02,e1,baseline-afl,r02,1779372492,9067323,0,249,21.840000
p1_e1_cjson_baseline-afl_r02,e1,baseline-afl,r02,1779372492,9067323,0,249,21.840000
p1_e1_cjson_baseline-afl_r02,e1,baseline-afl,r02,1779372492,9067323,0,249,21.840000
p1_e1_cjson_baseline-afl_r02,e1,baseline-afl,r02,1779372492,9067323,0,249,21.840000
p1_e1_cjson_baseline-afl_r02,e1,baseline-afl,r02,1779372492,9067323,0,249,21.840000
p1_e1_cjson_baseline-afl_r02,e1,baseline-afl,r02,1779372492,9067323,0,249,21.840000
p1_e1_cjson_baseline-afl_r02,e1,baseline-afl,r02,1779372552,18042584,0,249,21.840000
p1_e1_cjson_baseline-afl_r03,e1,baseline-afl,r03,1779372432,188,0,169,14.820000
p1_e1_cjson_baseline-afl_r03,e1,baseline-afl,r03,1779372432,188,0,169,14.820000
p1_e1_cjson_baseline-afl_r03,e1,baseline-afl,r03,1779372432,188,0,169,14.820000
p1_e1_cjson_baseline-afl_r03,e1,baseline-afl,r03,1779372432,188,0,169,14.820000
p1_e1_cjson_baseline-afl_r03,e1,baseline-afl,r03,1779372432,188,0,169,14.820000
p1_e1_cjson_baseline-afl_r03,e1,baseline-afl,r03,1779372432,188,0,169,14.820000
p1_e1_cjson_baseline-afl_r03,e1,baseline-afl,r03,1779372432,188,0,169,14.820000
p1_e1_cjson_baseline-afl_r03,e1,baseline-afl,r03,1779372432,188,0,169,14.820000
p1_e1_cjson_baseline-afl_r03,e1,baseline-afl,r03,1779372432,188,0,169,14.820000
p1_e1_cjson_baseline-afl_r03,e1,baseline-afl,r03,1779372432,188,0,169,14.820000
p1_e1_cjson_baseline-afl_r03,e1,baseline-afl,r03,1779372432,188,0,169,14.820000
p1_e1_cjson_baseline-afl_r03,e1,baseline-afl,r03,1779372432,188,0,169,14.820000
p1_e1_cjson_baseline-afl_r03,e1,baseline-afl,r03,1779372432,188,0,169,14.820000
p1_e1_cjson_baseline-afl_r03,e1,baseline-afl,r03,1779372432,188,0,169,14.820000
p1_e1_cjson_baseline-afl_r03,e1,baseline-afl,r03,1779372432,188,0,169,14.820000
p1_e1_cjson_baseline-afl_r03,e1,baseline-afl,r03,1779372432,188,0,169,14.820000
p1_e1_cjson_baseline-afl_r03,e1,baseline-afl,r03,1779372432,188,0,169,14.820000
p1_e1_cjson_baseline-afl_r03,e1,baseline-afl,r03,1779372432,188,0,169,14.820000
p1_e1_cjson_baseline-afl_r03,e1,baseline-afl,r03,1779372432,188,0,169,14.820000
p1_e1_cjson_baseline-afl_r03,e1,baseline-afl,r03,1779372432,188,0,169,14.820000
p1_e1_cjson_baseline-afl_r03,e1,baseline-afl,r03,1779372432,188,0,169,14.820000
p1_e1_cjson_baseline-afl_r03,e1,baseline-afl,r03,1779372432,188,0,169,14.820000
p1_e1_cjson_baseline-afl_r03,e1,baseline-afl,r03,1779372432,188,0,169,14.820000
p1_e1_cjson_baseline-afl_r03,e1,baseline-afl,r03,1779372432,188,0,169,14.820000
p1_e1_cjson_baseline-afl_r03,e1,baseline-afl,r03,1779372432,188,0,169,14.820000
p1_e1_cjson_baseline-afl_r03,e1,baseline-afl,r03,1779372432,188,0,169,14.820000
p1_e1_cjson_baseline-afl_r03,e1,baseline-afl,r03,1779372432,188,0,169,14.820000
p1_e1_cjson_baseline-afl_r03,e1,baseline-afl,r03,1779372432,188,0,169,14.820000
p1_e1_cjson_baseline-afl_r03,e1,baseline-afl,r03,1779372432,188,0,169,14.820000
p1_e1_cjson_baseline-afl_r03,e1,baseline-afl,r03,1779372432,188,0,169,14.820000
p1_e1_cjson_baseline-afl_r03,e1,baseline-afl,r03,1779372432,188,0,169,14.820000
p1_e1_cjson_baseline-afl_r03,e1,baseline-afl,r03,1779372432,188,0,169,14.820000
p1_e1_cjson_baseline-afl_r03,e1,baseline-afl,r03,1779372432,188,0,169,14.820000
p1_e1_cjson_baseline-afl_r03,e1,baseline-afl,r03,1779372432,188,0,169,14.820000
p1_e1_cjson_baseline-afl_r03,e1,baseline-afl,r03,1779372432,188,0,169,14.820000
p1_e1_cjson_baseline-afl_r03,e1,baseline-afl,r03,1779372432,188,0,169,14.820000
p1_e1_cjson_baseline-afl_r03,e1,baseline-afl,r03,1779372432,188,0,169,14.820000
p1_e1_cjson_baseline-afl_r03,e1,baseline-afl,r03,1779372432,188,0,169,14.820000
p1_e1_cjson_baseline-afl_r03,e1,baseline-afl,r03,1779372432,188,0,169,14.820000
p1_e1_cjson_baseline-afl_r03,e1,baseline-afl,r03,1779372432,188,0,169,14.820000
p1_e1_cjson_baseline-afl_r03,e1,baseline-afl,r03,1779372432,188,0,169,14.820000
p1_e1_cjson_baseline-afl_r03,e1,baseline-afl,r03,1779372432,188,0,169,14.820000
p1_e1_cjson_baseline-afl_r03,e1,baseline-afl,r03,1779372432,188,0,169,14.820000
p1_e1_cjson_baseline-afl_r03,e1,baseline-afl,r03,1779372432,188,0,169,14.820000
p1_e1_cjson_baseline-afl_r03,e1,baseline-afl,r03,1779372432,188,0,169,14.820000
p1_e1_cjson_baseline-afl_r03,e1,baseline-afl,r03,1779372432,188,0,169,14.820000
p1_e1_cjson_baseline-afl_r03,e1,baseline-afl,r03,1779372432,188,0,169,14.820000
p1_e1_cjson_baseline-afl_r03,e1,baseline-afl,r03,1779372432,188,0,169,14.820000
p1_e1_cjson_baseline-afl_r03,e1,baseline-afl,r03,1779372432,188,0,169,14.820000
p1_e1_cjson_baseline-afl_r03,e1,baseline-afl,r03,1779372432,188,0,169,14.820000
p1_e1_cjson_baseline-afl_r03,e1,baseline-afl,r03,1779372432,188,0,169,14.820000
p1_e1_cjson_baseline-afl_r03,e1,baseline-afl,r03,1779372432,188,0,169,14.820000
p1_e1_cjson_baseline-afl_r03,e1,baseline-afl,r03,1779372432,188,0,169,14.820000
p1_e1_cjson_baseline-afl_r03,e1,baseline-afl,r03,1779372432,188,0,169,14.820000
p1_e1_cjson_baseline-afl_r03,e1,baseline-afl,r03,1779372432,188,0,169,14.820000
p1_e1_cjson_baseline-afl_r03,e1,baseline-afl,r03,1779372432,188,0,169,14.820000
p1_e1_cjson_baseline-afl_r03,e1,baseline-afl,r03,1779372432,188,0,169,14.820000
p1_e1_cjson_baseline-afl_r03,e1,baseline-afl,r03,1779372432,188,0,169,14.820000
p1_e1_cjson_baseline-afl_r03,e1,baseline-afl,r03,1779372432,188,0,169,14.820000
p1_e1_cjson_baseline-afl_r03,e1,baseline-afl,r03,1779372492,9079336,0,249,21.840000
p1_e1_cjson_baseline-afl_r03,e1,baseline-afl,r03,1779372492,9079336,0,249,21.840000
p1_e1_cjson_baseline-afl_r03,e1,baseline-afl,r03,1779372492,9079336,0,249,21.840000
p1_e1_cjson_baseline-afl_r03,e1,baseline-afl,r03,1779372492,9079336,0,249,21.840000
p1_e1_cjson_baseline-afl_r03,e1,baseline-afl,r03,1779372492,9079336,0,249,21.840000
p1_e1_cjson_baseline-afl_r03,e1,baseline-afl,r03,1779372492,9079336,0,249,21.840000
p1_e1_cjson_baseline-afl_r03,e1,baseline-afl,r03,1779372492,9079336,0,249,21.840000
p1_e1_cjson_baseline-afl_r03,e1,baseline-afl,r03,1779372492,9079336,0,249,21.840000
p1_e1_cjson_baseline-afl_r03,e1,baseline-afl,r03,1779372492,9079336,0,249,21.840000
p1_e1_cjson_baseline-afl_r03,e1,baseline-afl,r03,1779372492,9079336,0,249,21.840000
p1_e1_cjson_baseline-afl_r03,e1,baseline-afl,r03,1779372492,9079336,0,249,21.840000
p1_e1_cjson_baseline-afl_r03,e1,baseline-afl,r03,1779372492,9079336,0,249,21.840000
p1_e1_cjson_baseline-afl_r03,e1,baseline-afl,r03,1779372492,9079336,0,249,21.840000
p1_e1_cjson_baseline-afl_r03,e1,baseline-afl,r03,1779372492,9079336,0,249,21.840000
p1_e1_cjson_baseline-afl_r03,e1,baseline-afl,r03,1779372492,9079336,0,249,21.840000
p1_e1_cjson_baseline-afl_r03,e1,baseline-afl,r03,1779372492,9079336,0,249,21.840000
p1_e1_cjson_baseline-afl_r03,e1,baseline-afl,r03,1779372492,9079336,0,249,21.840000
p1_e1_cjson_baseline-afl_r03,e1,baseline-afl,r03,1779372492,9079336,0,249,21.840000
p1_e1_cjson_baseline-afl_r03,e1,baseline-afl,r03,1779372492,9079336,0,249,21.840000
p1_e1_cjson_baseline-afl_r03,e1,baseline-afl,r03,1779372492,9079336,0,249,21.840000
p1_e1_cjson_baseline-afl_r03,e1,baseline-afl,r03,1779372492,9079336,0,249,21.840000
p1_e1_cjson_baseline-afl_r03,e1,baseline-afl,r03,1779372492,9079336,0,249,21.840000
p1_e1_cjson_baseline-afl_r03,e1,baseline-afl,r03,1779372492,9079336,0,249,21.840000
p1_e1_cjson_baseline-afl_r03,e1,baseline-afl,r03,1779372492,9079336,0,249,21.840000
p1_e1_cjson_baseline-afl_r03,e1,baseline-afl,r03,1779372492,9079336,0,249,21.840000
p1_e1_cjson_baseline-afl_r03,e1,baseline-afl,r03,1779372492,9079336,0,249,21.840000
p1_e1_cjson_baseline-afl_r03,e1,baseline-afl,r03,1779372492,9079336,0,249,21.840000
p1_e1_cjson_baseline-afl_r03,e1,baseline-afl,r03,1779372492,9079336,0,249,21.840000
p1_e1_cjson_baseline-afl_r03,e1,baseline-afl,r03,1779372492,9079336,0,249,21.840000
p1_e1_cjson_baseline-afl_r03,e1,baseline-afl,r03,1779372492,9079336,0,249,21.840000
p1_e1_cjson_baseline-afl_r03,e1,baseline-afl,r03,1779372492,9079336,0,249,21.840000
p1_e1_cjson_baseline-afl_r03,e1,baseline-afl,r03,1779372492,9079336,0,249,21.840000
p1_e1_cjson_baseline-afl_r03,e1,baseline-afl,r03,1779372492,9079336,0,249,21.840000
p1_e1_cjson_baseline-afl_r03,e1,baseline-afl,r03,1779372492,9079336,0,249,21.840000
p1_e1_cjson_baseline-afl_r03,e1,baseline-afl,r03,1779372492,9079336,0,249,21.840000
p1_e1_cjson_baseline-afl_r03,e1,baseline-afl,r03,1779372492,9079336,0,249,21.840000
p1_e1_cjson_baseline-afl_r03,e1,baseline-afl,r03,1779372492,9079336,0,249,21.840000
p1_e1_cjson_baseline-afl_r03,e1,baseline-afl,r03,1779372492,9079336,0,249,21.840000
p1_e1_cjson_baseline-afl_r03,e1,baseline-afl,r03,1779372492,9079336,0,249,21.840000
p1_e1_cjson_baseline-afl_r03,e1,baseline-afl,r03,1779372492,9079336,0,249,21.840000
p1_e1_cjson_baseline-afl_r03,e1,baseline-afl,r03,1779372492,9079336,0,249,21.840000
p1_e1_cjson_baseline-afl_r03,e1,baseline-afl,r03,1779372492,9079336,0,249,21.840000
p1_e1_cjson_baseline-afl_r03,e1,baseline-afl,r03,1779372492,9079336,0,249,21.840000
p1_e1_cjson_baseline-afl_r03,e1,baseline-afl,r03,1779372492,9079336,0,249,21.840000
p1_e1_cjson_baseline-afl_r03,e1,baseline-afl,r03,1779372492,9079336,0,249,21.840000
p1_e1_cjson_baseline-afl_r03,e1,baseline-afl,r03,1779372492,9079336,0,249,21.840000
p1_e1_cjson_baseline-afl_r03,e1,baseline-afl,r03,1779372492,9079336,0,249,21.840000
p1_e1_cjson_baseline-afl_r03,e1,baseline-afl,r03,1779372492,9079336,0,249,21.840000
p1_e1_cjson_baseline-afl_r03,e1,baseline-afl,r03,1779372492,9079336,0,249,21.840000
p1_e1_cjson_baseline-afl_r03,e1,baseline-afl,r03,1779372492,9079336,0,249,21.840000
p1_e1_cjson_baseline-afl_r03,e1,baseline-afl,r03,1779372492,9079336,0,249,21.840000
p1_e1_cjson_baseline-afl_r03,e1,baseline-afl,r03,1779372492,9079336,0,249,21.840000
p1_e1_cjson_baseline-afl_r03,e1,baseline-afl,r03,1779372492,9079336,0,249,21.840000
p1_e1_cjson_baseline-afl_r03,e1,baseline-afl,r03,1779372492,9079336,0,249,21.840000
p1_e1_cjson_baseline-afl_r03,e1,baseline-afl,r03,1779372492,9079336,0,249,21.840000
p1_e1_cjson_baseline-afl_r03,e1,baseline-afl,r03,1779372492,9079336,0,249,21.840000
p1_e1_cjson_baseline-afl_r03,e1,baseline-afl,r03,1779372492,9079336,0,249,21.840000
p1_e1_cjson_baseline-afl_r03,e1,baseline-afl,r03,1779372492,9079336,0,249,21.840000
p1_e1_cjson_baseline-afl_r03,e1,baseline-afl,r03,1779372492,9079336,0,249,21.840000
p1_e1_cjson_baseline-afl_r03,e1,baseline-afl,r03,1779372492,9079336,0,249,21.840000
p1_e1_cjson_baseline-afl_r03,e1,baseline-afl,r03,1779372552,18045347,0,249,21.840000
p1_e1_cjson_baseline-afl_r04,e1,baseline-afl,r04,1779372432,188,0,169,14.820000
p1_e1_cjson_baseline-afl_r04,e1,baseline-afl,r04,1779372432,188,0,169,14.820000
p1_e1_cjson_baseline-afl_r04,e1,baseline-afl,r04,1779372432,188,0,169,14.820000
p1_e1_cjson_baseline-afl_r04,e1,baseline-afl,r04,1779372432,188,0,169,14.820000
p1_e1_cjson_baseline-afl_r04,e1,baseline-afl,r04,1779372432,188,0,169,14.820000
p1_e1_cjson_baseline-afl_r04,e1,baseline-afl,r04,1779372432,188,0,169,14.820000
p1_e1_cjson_baseline-afl_r04,e1,baseline-afl,r04,1779372432,188,0,169,14.820000
p1_e1_cjson_baseline-afl_r04,e1,baseline-afl,r04,1779372432,188,0,169,14.820000
p1_e1_cjson_baseline-afl_r04,e1,baseline-afl,r04,1779372432,188,0,169,14.820000
p1_e1_cjson_baseline-afl_r04,e1,baseline-afl,r04,1779372432,188,0,169,14.820000
p1_e1_cjson_baseline-afl_r04,e1,baseline-afl,r04,1779372432,188,0,169,14.820000
p1_e1_cjson_baseline-afl_r04,e1,baseline-afl,r04,1779372432,188,0,169,14.820000
p1_e1_cjson_baseline-afl_r04,e1,baseline-afl,r04,1779372432,188,0,169,14.820000
p1_e1_cjson_baseline-afl_r04,e1,baseline-afl,r04,1779372432,188,0,169,14.820000
p1_e1_cjson_baseline-afl_r04,e1,baseline-afl,r04,1779372432,188,0,169,14.820000
p1_e1_cjson_baseline-afl_r04,e1,baseline-afl,r04,1779372432,188,0,169,14.820000
p1_e1_cjson_baseline-afl_r04,e1,baseline-afl,r04,1779372432,188,0,169,14.820000
p1_e1_cjson_baseline-afl_r04,e1,baseline-afl,r04,1779372432,188,0,169,14.820000
p1_e1_cjson_baseline-afl_r04,e1,baseline-afl,r04,1779372432,188,0,169,14.820000
p1_e1_cjson_baseline-afl_r04,e1,baseline-afl,r04,1779372432,188,0,169,14.820000
p1_e1_cjson_baseline-afl_r04,e1,baseline-afl,r04,1779372432,188,0,169,14.820000
p1_e1_cjson_baseline-afl_r04,e1,baseline-afl,r04,1779372432,188,0,169,14.820000
p1_e1_cjson_baseline-afl_r04,e1,baseline-afl,r04,1779372432,188,0,169,14.820000
p1_e1_cjson_baseline-afl_r04,e1,baseline-afl,r04,1779372432,188,0,169,14.820000
p1_e1_cjson_baseline-afl_r04,e1,baseline-afl,r04,1779372432,188,0,169,14.820000
p1_e1_cjson_baseline-afl_r04,e1,baseline-afl,r04,1779372432,188,0,169,14.820000
p1_e1_cjson_baseline-afl_r04,e1,baseline-afl,r04,1779372432,188,0,169,14.820000
p1_e1_cjson_baseline-afl_r04,e1,baseline-afl,r04,1779372432,188,0,169,14.820000
p1_e1_cjson_baseline-afl_r04,e1,baseline-afl,r04,1779372432,188,0,169,14.820000
p1_e1_cjson_baseline-afl_r04,e1,baseline-afl,r04,1779372432,188,0,169,14.820000
p1_e1_cjson_baseline-afl_r04,e1,baseline-afl,r04,1779372432,188,0,169,14.820000
p1_e1_cjson_baseline-afl_r04,e1,baseline-afl,r04,1779372432,188,0,169,14.820000
p1_e1_cjson_baseline-afl_r04,e1,baseline-afl,r04,1779372432,188,0,169,14.820000
p1_e1_cjson_baseline-afl_r04,e1,baseline-afl,r04,1779372432,188,0,169,14.820000
p1_e1_cjson_baseline-afl_r04,e1,baseline-afl,r04,1779372432,188,0,169,14.820000
p1_e1_cjson_baseline-afl_r04,e1,baseline-afl,r04,1779372432,188,0,169,14.820000
p1_e1_cjson_baseline-afl_r04,e1,baseline-afl,r04,1779372432,188,0,169,14.820000
p1_e1_cjson_baseline-afl_r04,e1,baseline-afl,r04,1779372432,188,0,169,14.820000
p1_e1_cjson_baseline-afl_r04,e1,baseline-afl,r04,1779372432,188,0,169,14.820000
p1_e1_cjson_baseline-afl_r04,e1,baseline-afl,r04,1779372432,188,0,169,14.820000
p1_e1_cjson_baseline-afl_r04,e1,baseline-afl,r04,1779372432,188,0,169,14.820000
p1_e1_cjson_baseline-afl_r04,e1,baseline-afl,r04,1779372432,188,0,169,14.820000
p1_e1_cjson_baseline-afl_r04,e1,baseline-afl,r04,1779372432,188,0,169,14.820000
p1_e1_cjson_baseline-afl_r04,e1,baseline-afl,r04,1779372432,188,0,169,14.820000
p1_e1_cjson_baseline-afl_r04,e1,baseline-afl,r04,1779372432,188,0,169,14.820000
p1_e1_cjson_baseline-afl_r04,e1,baseline-afl,r04,1779372432,188,0,169,14.820000
p1_e1_cjson_baseline-afl_r04,e1,baseline-afl,r04,1779372432,188,0,169,14.820000
p1_e1_cjson_baseline-afl_r04,e1,baseline-afl,r04,1779372432,188,0,169,14.820000
p1_e1_cjson_baseline-afl_r04,e1,baseline-afl,r04,1779372432,188,0,169,14.820000
p1_e1_cjson_baseline-afl_r04,e1,baseline-afl,r04,1779372432,188,0,169,14.820000
p1_e1_cjson_baseline-afl_r04,e1,baseline-afl,r04,1779372432,188,0,169,14.820000
p1_e1_cjson_baseline-afl_r04,e1,baseline-afl,r04,1779372432,188,0,169,14.820000
p1_e1_cjson_baseline-afl_r04,e1,baseline-afl,r04,1779372432,188,0,169,14.820000
p1_e1_cjson_baseline-afl_r04,e1,baseline-afl,r04,1779372432,188,0,169,14.820000
p1_e1_cjson_baseline-afl_r04,e1,baseline-afl,r04,1779372432,188,0,169,14.820000
p1_e1_cjson_baseline-afl_r04,e1,baseline-afl,r04,1779372432,188,0,169,14.820000
p1_e1_cjson_baseline-afl_r04,e1,baseline-afl,r04,1779372432,188,0,169,14.820000
p1_e1_cjson_baseline-afl_r04,e1,baseline-afl,r04,1779372432,188,0,169,14.820000
p1_e1_cjson_baseline-afl_r04,e1,baseline-afl,r04,1779372432,188,0,169,14.820000
p1_e1_cjson_baseline-afl_r04,e1,baseline-afl,r04,1779372492,9082142,0,249,21.840000
p1_e1_cjson_baseline-afl_r04,e1,baseline-afl,r04,1779372492,9082142,0,249,21.840000
p1_e1_cjson_baseline-afl_r04,e1,baseline-afl,r04,1779372492,9082142,0,249,21.840000
p1_e1_cjson_baseline-afl_r04,e1,baseline-afl,r04,1779372492,9082142,0,249,21.840000
p1_e1_cjson_baseline-afl_r04,e1,baseline-afl,r04,1779372492,9082142,0,249,21.840000
p1_e1_cjson_baseline-afl_r04,e1,baseline-afl,r04,1779372492,9082142,0,249,21.840000
p1_e1_cjson_baseline-afl_r04,e1,baseline-afl,r04,1779372492,9082142,0,249,21.840000
p1_e1_cjson_baseline-afl_r04,e1,baseline-afl,r04,1779372492,9082142,0,249,21.840000
p1_e1_cjson_baseline-afl_r04,e1,baseline-afl,r04,1779372492,9082142,0,249,21.840000
p1_e1_cjson_baseline-afl_r04,e1,baseline-afl,r04,1779372492,9082142,0,249,21.840000
p1_e1_cjson_baseline-afl_r04,e1,baseline-afl,r04,1779372492,9082142,0,249,21.840000
p1_e1_cjson_baseline-afl_r04,e1,baseline-afl,r04,1779372492,9082142,0,249,21.840000
p1_e1_cjson_baseline-afl_r04,e1,baseline-afl,r04,1779372492,9082142,0,249,21.840000
p1_e1_cjson_baseline-afl_r04,e1,baseline-afl,r04,1779372492,9082142,0,249,21.840000
p1_e1_cjson_baseline-afl_r04,e1,baseline-afl,r04,1779372492,9082142,0,249,21.840000
p1_e1_cjson_baseline-afl_r04,e1,baseline-afl,r04,1779372492,9082142,0,249,21.840000
p1_e1_cjson_baseline-afl_r04,e1,baseline-afl,r04,1779372492,9082142,0,249,21.840000
p1_e1_cjson_baseline-afl_r04,e1,baseline-afl,r04,1779372492,9082142,0,249,21.840000
p1_e1_cjson_baseline-afl_r04,e1,baseline-afl,r04,1779372492,9082142,0,249,21.840000
p1_e1_cjson_baseline-afl_r04,e1,baseline-afl,r04,1779372492,9082142,0,249,21.840000
p1_e1_cjson_baseline-afl_r04,e1,baseline-afl,r04,1779372492,9082142,0,249,21.840000
p1_e1_cjson_baseline-afl_r04,e1,baseline-afl,r04,1779372492,9082142,0,249,21.840000
p1_e1_cjson_baseline-afl_r04,e1,baseline-afl,r04,1779372492,9082142,0,249,21.840000
p1_e1_cjson_baseline-afl_r04,e1,baseline-afl,r04,1779372492,9082142,0,249,21.840000
p1_e1_cjson_baseline-afl_r04,e1,baseline-afl,r04,1779372492,9082142,0,249,21.840000
p1_e1_cjson_baseline-afl_r04,e1,baseline-afl,r04,1779372492,9082142,0,249,21.840000
p1_e1_cjson_baseline-afl_r04,e1,baseline-afl,r04,1779372492,9082142,0,249,21.840000
p1_e1_cjson_baseline-afl_r04,e1,baseline-afl,r04,1779372492,9082142,0,249,21.840000
p1_e1_cjson_baseline-afl_r04,e1,baseline-afl,r04,1779372492,9082142,0,249,21.840000
p1_e1_cjson_baseline-afl_r04,e1,baseline-afl,r04,1779372492,9082142,0,249,21.840000
p1_e1_cjson_baseline-afl_r04,e1,baseline-afl,r04,1779372492,9082142,0,249,21.840000
p1_e1_cjson_baseline-afl_r04,e1,baseline-afl,r04,1779372492,9082142,0,249,21.840000
p1_e1_cjson_baseline-afl_r04,e1,baseline-afl,r04,1779372492,9082142,0,249,21.840000
p1_e1_cjson_baseline-afl_r04,e1,baseline-afl,r04,1779372492,9082142,0,249,21.840000
p1_e1_cjson_baseline-afl_r04,e1,baseline-afl,r04,1779372492,9082142,0,249,21.840000
p1_e1_cjson_baseline-afl_r04,e1,baseline-afl,r04,1779372492,9082142,0,249,21.840000
p1_e1_cjson_baseline-afl_r04,e1,baseline-afl,r04,1779372492,9082142,0,249,21.840000
p1_e1_cjson_baseline-afl_r04,e1,baseline-afl,r04,1779372492,9082142,0,249,21.840000
p1_e1_cjson_baseline-afl_r04,e1,baseline-afl,r04,1779372492,9082142,0,249,21.840000
p1_e1_cjson_baseline-afl_r04,e1,baseline-afl,r04,1779372492,9082142,0,249,21.840000
p1_e1_cjson_baseline-afl_r04,e1,baseline-afl,r04,1779372492,9082142,0,249,21.840000
p1_e1_cjson_baseline-afl_r04,e1,baseline-afl,r04,1779372492,9082142,0,249,21.840000
p1_e1_cjson_baseline-afl_r04,e1,baseline-afl,r04,1779372492,9082142,0,249,21.840000
p1_e1_cjson_baseline-afl_r04,e1,baseline-afl,r04,1779372492,9082142,0,249,21.840000
p1_e1_cjson_baseline-afl_r04,e1,baseline-afl,r04,1779372492,9082142,0,249,21.840000
p1_e1_cjson_baseline-afl_r04,e1,baseline-afl,r04,1779372492,9082142,0,249,21.840000
p1_e1_cjson_baseline-afl_r04,e1,baseline-afl,r04,1779372492,9082142,0,249,21.840000
p1_e1_cjson_baseline-afl_r04,e1,baseline-afl,r04,1779372492,9082142,0,249,21.840000
p1_e1_cjson_baseline-afl_r04,e1,baseline-afl,r04,1779372492,9082142,0,249,21.840000
p1_e1_cjson_baseline-afl_r04,e1,baseline-afl,r04,1779372492,9082142,0,249,21.840000
p1_e1_cjson_baseline-afl_r04,e1,baseline-afl,r04,1779372492,9082142,0,249,21.840000
p1_e1_cjson_baseline-afl_r04,e1,baseline-afl,r04,1779372492,9082142,0,249,21.840000
p1_e1_cjson_baseline-afl_r04,e1,baseline-afl,r04,1779372492,9082142,0,249,21.840000
p1_e1_cjson_baseline-afl_r04,e1,baseline-afl,r04,1779372492,9082142,0,249,21.840000
p1_e1_cjson_baseline-afl_r04,e1,baseline-afl,r04,1779372492,9082142,0,249,21.840000
p1_e1_cjson_baseline-afl_r04,e1,baseline-afl,r04,1779372492,9082142,0,249,21.840000
p1_e1_cjson_baseline-afl_r04,e1,baseline-afl,r04,1779372492,9082142,0,249,21.840000
p1_e1_cjson_baseline-afl_r04,e1,baseline-afl,r04,1779372492,9082142,0,249,21.840000
p1_e1_cjson_baseline-afl_r04,e1,baseline-afl,r04,1779372492,9082142,0,249,21.840000
p1_e1_cjson_baseline-afl_r04,e1,baseline-afl,r04,1779372492,9082142,0,249,21.840000
p1_e1_cjson_baseline-afl_r04,e1,baseline-afl,r04,1779372552,18048517,0,249,21.840000
p1_e1_cjson_baseline-afl_r05,e1,baseline-afl,r05,1779372554,188,0,169,14.820000
p1_e1_cjson_baseline-afl_r05,e1,baseline-afl,r05,1779372554,188,0,169,14.820000
p1_e1_cjson_baseline-afl_r05,e1,baseline-afl,r05,1779372554,188,0,169,14.820000
p1_e1_cjson_baseline-afl_r05,e1,baseline-afl,r05,1779372554,188,0,169,14.820000
p1_e1_cjson_baseline-afl_r05,e1,baseline-afl,r05,1779372554,188,0,169,14.820000
p1_e1_cjson_baseline-afl_r05,e1,baseline-afl,r05,1779372554,188,0,169,14.820000
p1_e1_cjson_baseline-afl_r05,e1,baseline-afl,r05,1779372554,188,0,169,14.820000
p1_e1_cjson_baseline-afl_r05,e1,baseline-afl,r05,1779372554,188,0,169,14.820000
p1_e1_cjson_baseline-afl_r05,e1,baseline-afl,r05,1779372554,188,0,169,14.820000
p1_e1_cjson_baseline-afl_r05,e1,baseline-afl,r05,1779372554,188,0,169,14.820000
p1_e1_cjson_baseline-afl_r05,e1,baseline-afl,r05,1779372554,188,0,169,14.820000
p1_e1_cjson_baseline-afl_r05,e1,baseline-afl,r05,1779372554,188,0,169,14.820000
p1_e1_cjson_baseline-afl_r05,e1,baseline-afl,r05,1779372554,188,0,169,14.820000
p1_e1_cjson_baseline-afl_r05,e1,baseline-afl,r05,1779372554,188,0,169,14.820000
p1_e1_cjson_baseline-afl_r05,e1,baseline-afl,r05,1779372554,188,0,169,14.820000
p1_e1_cjson_baseline-afl_r05,e1,baseline-afl,r05,1779372554,188,0,169,14.820000
p1_e1_cjson_baseline-afl_r05,e1,baseline-afl,r05,1779372554,188,0,169,14.820000
p1_e1_cjson_baseline-afl_r05,e1,baseline-afl,r05,1779372554,188,0,169,14.820000
p1_e1_cjson_baseline-afl_r05,e1,baseline-afl,r05,1779372554,188,0,169,14.820000
p1_e1_cjson_baseline-afl_r05,e1,baseline-afl,r05,1779372554,188,0,169,14.820000
p1_e1_cjson_baseline-afl_r05,e1,baseline-afl,r05,1779372554,188,0,169,14.820000
p1_e1_cjson_baseline-afl_r05,e1,baseline-afl,r05,1779372554,188,0,169,14.820000
p1_e1_cjson_baseline-afl_r05,e1,baseline-afl,r05,1779372554,188,0,169,14.820000
p1_e1_cjson_baseline-afl_r05,e1,baseline-afl,r05,1779372554,188,0,169,14.820000
p1_e1_cjson_baseline-afl_r05,e1,baseline-afl,r05,1779372554,188,0,169,14.820000
p1_e1_cjson_baseline-afl_r05,e1,baseline-afl,r05,1779372554,188,0,169,14.820000
p1_e1_cjson_baseline-afl_r05,e1,baseline-afl,r05,1779372554,188,0,169,14.820000
p1_e1_cjson_baseline-afl_r05,e1,baseline-afl,r05,1779372554,188,0,169,14.820000
p1_e1_cjson_baseline-afl_r05,e1,baseline-afl,r05,1779372554,188,0,169,14.820000
p1_e1_cjson_baseline-afl_r05,e1,baseline-afl,r05,1779372554,188,0,169,14.820000
p1_e1_cjson_baseline-afl_r05,e1,baseline-afl,r05,1779372554,188,0,169,14.820000
p1_e1_cjson_baseline-afl_r05,e1,baseline-afl,r05,1779372554,188,0,169,14.820000
p1_e1_cjson_baseline-afl_r05,e1,baseline-afl,r05,1779372554,188,0,169,14.820000
p1_e1_cjson_baseline-afl_r05,e1,baseline-afl,r05,1779372554,188,0,169,14.820000
p1_e1_cjson_baseline-afl_r05,e1,baseline-afl,r05,1779372554,188,0,169,14.820000
p1_e1_cjson_baseline-afl_r05,e1,baseline-afl,r05,1779372554,188,0,169,14.820000
p1_e1_cjson_baseline-afl_r05,e1,baseline-afl,r05,1779372554,188,0,169,14.820000
p1_e1_cjson_baseline-afl_r05,e1,baseline-afl,r05,1779372554,188,0,169,14.820000
p1_e1_cjson_baseline-afl_r05,e1,baseline-afl,r05,1779372554,188,0,169,14.820000
p1_e1_cjson_baseline-afl_r05,e1,baseline-afl,r05,1779372554,188,0,169,14.820000
p1_e1_cjson_baseline-afl_r05,e1,baseline-afl,r05,1779372554,188,0,169,14.820000
p1_e1_cjson_baseline-afl_r05,e1,baseline-afl,r05,1779372554,188,0,169,14.820000
p1_e1_cjson_baseline-afl_r05,e1,baseline-afl,r05,1779372554,188,0,169,14.820000
p1_e1_cjson_baseline-afl_r05,e1,baseline-afl,r05,1779372554,188,0,169,14.820000
p1_e1_cjson_baseline-afl_r05,e1,baseline-afl,r05,1779372554,188,0,169,14.820000
p1_e1_cjson_baseline-afl_r05,e1,baseline-afl,r05,1779372554,188,0,169,14.820000
p1_e1_cjson_baseline-afl_r05,e1,baseline-afl,r05,1779372554,188,0,169,14.820000
p1_e1_cjson_baseline-afl_r05,e1,baseline-afl,r05,1779372554,188,0,169,14.820000
p1_e1_cjson_baseline-afl_r05,e1,baseline-afl,r05,1779372554,188,0,169,14.820000
p1_e1_cjson_baseline-afl_r05,e1,baseline-afl,r05,1779372554,188,0,169,14.820000
p1_e1_cjson_baseline-afl_r05,e1,baseline-afl,r05,1779372554,188,0,169,14.820000
p1_e1_cjson_baseline-afl_r05,e1,baseline-afl,r05,1779372554,188,0,169,14.820000
p1_e1_cjson_baseline-afl_r05,e1,baseline-afl,r05,1779372554,188,0,169,14.820000
p1_e1_cjson_baseline-afl_r05,e1,baseline-afl,r05,1779372554,188,0,169,14.820000
p1_e1_cjson_baseline-afl_r05,e1,baseline-afl,r05,1779372554,188,0,169,14.820000
p1_e1_cjson_baseline-afl_r05,e1,baseline-afl,r05,1779372554,188,0,169,14.820000
p1_e1_cjson_baseline-afl_r05,e1,baseline-afl,r05,1779372554,188,0,169,14.820000
p1_e1_cjson_baseline-afl_r05,e1,baseline-afl,r05,1779372554,188,0,169,14.820000
p1_e1_cjson_baseline-afl_r05,e1,baseline-afl,r05,1779372554,188,0,169,14.820000
p1_e1_cjson_baseline-afl_r05,e1,baseline-afl,r05,1779372614,10199986,0,249,21.840000
p1_e1_cjson_baseline-afl_r05,e1,baseline-afl,r05,1779372614,10199986,0,249,21.840000
p1_e1_cjson_baseline-afl_r05,e1,baseline-afl,r05,1779372614,10199986,0,249,21.840000
p1_e1_cjson_baseline-afl_r05,e1,baseline-afl,r05,1779372614,10199986,0,249,21.840000
p1_e1_cjson_baseline-afl_r05,e1,baseline-afl,r05,1779372614,10199986,0,249,21.840000
p1_e1_cjson_baseline-afl_r05,e1,baseline-afl,r05,1779372614,10199986,0,249,21.840000
p1_e1_cjson_baseline-afl_r05,e1,baseline-afl,r05,1779372614,10199986,0,249,21.840000
p1_e1_cjson_baseline-afl_r05,e1,baseline-afl,r05,1779372614,10199986,0,249,21.840000
p1_e1_cjson_baseline-afl_r05,e1,baseline-afl,r05,1779372614,10199986,0,249,21.840000
p1_e1_cjson_baseline-afl_r05,e1,baseline-afl,r05,1779372614,10199986,0,249,21.840000
p1_e1_cjson_baseline-afl_r05,e1,baseline-afl,r05,1779372614,10199986,0,249,21.840000
p1_e1_cjson_baseline-afl_r05,e1,baseline-afl,r05,1779372614,10199986,0,249,21.840000
p1_e1_cjson_baseline-afl_r05,e1,baseline-afl,r05,1779372614,10199986,0,249,21.840000
p1_e1_cjson_baseline-afl_r05,e1,baseline-afl,r05,1779372614,10199986,0,249,21.840000
p1_e1_cjson_baseline-afl_r05,e1,baseline-afl,r05,1779372614,10199986,0,249,21.840000
p1_e1_cjson_baseline-afl_r05,e1,baseline-afl,r05,1779372614,10199986,0,249,21.840000
p1_e1_cjson_baseline-afl_r05,e1,baseline-afl,r05,1779372614,10199986,0,249,21.840000
p1_e1_cjson_baseline-afl_r05,e1,baseline-afl,r05,1779372614,10199986,0,249,21.840000
p1_e1_cjson_baseline-afl_r05,e1,baseline-afl,r05,1779372614,10199986,0,249,21.840000
p1_e1_cjson_baseline-afl_r05,e1,baseline-afl,r05,1779372614,10199986,0,249,21.840000
p1_e1_cjson_baseline-afl_r05,e1,baseline-afl,r05,1779372614,10199986,0,249,21.840000
p1_e1_cjson_baseline-afl_r05,e1,baseline-afl,r05,1779372614,10199986,0,249,21.840000
p1_e1_cjson_baseline-afl_r05,e1,baseline-afl,r05,1779372614,10199986,0,249,21.840000
p1_e1_cjson_baseline-afl_r05,e1,baseline-afl,r05,1779372614,10199986,0,249,21.840000
p1_e1_cjson_baseline-afl_r05,e1,baseline-afl,r05,1779372614,10199986,0,249,21.840000
p1_e1_cjson_baseline-afl_r05,e1,baseline-afl,r05,1779372614,10199986,0,249,21.840000
p1_e1_cjson_baseline-afl_r05,e1,baseline-afl,r05,1779372614,10199986,0,249,21.840000
p1_e1_cjson_baseline-afl_r05,e1,baseline-afl,r05,1779372614,10199986,0,249,21.840000
p1_e1_cjson_baseline-afl_r05,e1,baseline-afl,r05,1779372614,10199986,0,249,21.840000
p1_e1_cjson_baseline-afl_r05,e1,baseline-afl,r05,1779372614,10199986,0,249,21.840000
p1_e1_cjson_baseline-afl_r05,e1,baseline-afl,r05,1779372614,10199986,0,249,21.840000
p1_e1_cjson_baseline-afl_r05,e1,baseline-afl,r05,1779372614,10199986,0,249,21.840000
p1_e1_cjson_baseline-afl_r05,e1,baseline-afl,r05,1779372614,10199986,0,249,21.840000
p1_e1_cjson_baseline-afl_r05,e1,baseline-afl,r05,1779372614,10199986,0,249,21.840000
p1_e1_cjson_baseline-afl_r05,e1,baseline-afl,r05,1779372614,10199986,0,249,21.840000
p1_e1_cjson_baseline-afl_r05,e1,baseline-afl,r05,1779372614,10199986,0,249,21.840000
p1_e1_cjson_baseline-afl_r05,e1,baseline-afl,r05,1779372614,10199986,0,249,21.840000
p1_e1_cjson_baseline-afl_r05,e1,baseline-afl,r05,1779372614,10199986,0,249,21.840000
p1_e1_cjson_baseline-afl_r05,e1,baseline-afl,r05,1779372614,10199986,0,249,21.840000
p1_e1_cjson_baseline-afl_r05,e1,baseline-afl,r05,1779372614,10199986,0,249,21.840000
p1_e1_cjson_baseline-afl_r05,e1,baseline-afl,r05,1779372614,10199986,0,249,21.840000
p1_e1_cjson_baseline-afl_r05,e1,baseline-afl,r05,1779372614,10199986,0,249,21.840000
p1_e1_cjson_baseline-afl_r05,e1,baseline-afl,r05,1779372614,10199986,0,249,21.840000
p1_e1_cjson_baseline-afl_r05,e1,baseline-afl,r05,1779372614,10199986,0,249,21.840000
p1_e1_cjson_baseline-afl_r05,e1,baseline-afl,r05,1779372614,10199986,0,249,21.840000
p1_e1_cjson_baseline-afl_r05,e1,baseline-afl,r05,1779372614,10199986,0,249,21.840000
p1_e1_cjson_baseline-afl_r05,e1,baseline-afl,r05,1779372614,10199986,0,249,21.840000
p1_e1_cjson_baseline-afl_r05,e1,baseline-afl,r05,1779372614,10199986,0,249,21.840000
p1_e1_cjson_baseline-afl_r05,e1,baseline-afl,r05,1779372614,10199986,0,249,21.840000
p1_e1_cjson_baseline-afl_r05,e1,baseline-afl,r05,1779372614,10199986,0,249,21.840000
p1_e1_cjson_baseline-afl_r05,e1,baseline-afl,r05,1779372614,10199986,0,249,21.840000
p1_e1_cjson_baseline-afl_r05,e1,baseline-afl,r05,1779372614,10199986,0,249,21.840000
p1_e1_cjson_baseline-afl_r05,e1,baseline-afl,r05,1779372614,10199986,0,249,21.840000
p1_e1_cjson_baseline-afl_r05,e1,baseline-afl,r05,1779372614,10199986,0,249,21.840000
p1_e1_cjson_baseline-afl_r05,e1,baseline-afl,r05,1779372614,10199986,0,249,21.840000
p1_e1_cjson_baseline-afl_r05,e1,baseline-afl,r05,1779372614,10199986,0,249,21.840000
p1_e1_cjson_baseline-afl_r05,e1,baseline-afl,r05,1779372614,10199986,0,249,21.840000
p1_e1_cjson_baseline-afl_r05,e1,baseline-afl,r05,1779372614,10199986,0,249,21.840000
p1_e1_cjson_baseline-afl_r05,e1,baseline-afl,r05,1779372614,10199986,0,249,21.840000
p1_e1_cjson_baseline-afl_r05,e1,baseline-afl,r05,1779372614,10199986,0,249,21.840000
p1_e1_cjson_baseline-afl_r05,e1,baseline-afl,r05,1779372674,20254531,0,249,21.840000
