target,implementation_mode,paper_mode,repeat,run_id,sample_index,ts,execs_done,execs_per_sec,paths_total,bitmap_cvg,unique_crashes,unique_hangs,recipe_hits,recipe_misses
cjson_parser,baseline-afl,AFL++ default,01,p1_e1_cjson_baseline-afl_r01,0,1779372432,188,188000.000000,0,14.820000,0,0,0,0
cjson_parser,baseline-afl,AFL++ default,01,p1_e1_cjson_baseline-afl_r01,1,1779372432,188,188000.000000,0,14.820000,0,0,0,0
cjson_parser,baseline-afl,AFL++ default,01,p1_e1_cjson_baseline-afl_r01,2,1779372432,188,188000.000000,0,14.820000,0,0,0,0
cjson_parser,baseline-afl,AFL++ default,01,p1_e1_cjson_baseline-afl_r01,3,1779372432,188,188000.000000,0,14.820000,0,0,0,0
cjson_parser,baseline-afl,AFL++ default,01,p1_e1_cjson_baseline-afl_r01,4,1779372432,188,188000.000000,0,14.820000,0,0,0,0
cjson_parser,baseline-afl,AFL++ default,01,p1_e1_cjson_baseline-afl_r01,5,1779372432,188,188000.000000,0,14.820000,0,0,0,0
cjson_parser,baseline-afl,AFL++ default,01,p1_e1_cjson_baseline-afl_r01,6,1779372432,188,188000.000000,0,14.820000,0,0,0,0
cjson_parser,baseline-afl,AFL++ default,01,p1_e1_cjson_baseline-afl_r01,7,1779372432,188,188000.000000,0,14.820000,0,0,0,0
cjson_parser,baseline-afl,AFL++ default,01,p1_e1_cjson_baseline-afl_r01,8,1779372432,188,188000.000000,0,14.820000,0,0,0,0
cjson_parser,baseline-afl,AFL++ default,01,p1_e1_cjson_baseline-afl_r01,9,1779372432,188,188000.000000,0,14.820000,0,0,0,0
cjson_parser,baseline-afl,AFL++ default,01,p1_e1_cjson_baseline-afl_r01,10,1779372432,188,188000.000000,0,14.820000,0,0,0,0
cjson_parser,baseline-afl,AFL++ default,01,p1_e1_cjson_baseline-afl_r01,11,1779372432,188,188000.000000,0,14.820000,0,0,0,0
cjson_parser,baseline-afl,AFL++ default,01,p1_e1_cjson_baseline-afl_r01,12,1779372432,188,188000.000000,0,14.820000,0,0,0,0
cjson_parser,baseline-afl,AFL++ default,01,p1_e1_cjson_baseline-afl_r01,13,1779372432,188,188000.000000,0,14.820000,0,0,0,0
cjson_parser,baseline-afl,AFL++ default,01,p1_e1_cjson_baseline-afl_r01,14,1779372432,188,188000.000000,0,14.820000,0,0,0,0
cjson_parser,baseline-afl,AFL++ default,01,p1_e1_cjson_baseline-afl_r01,15,1779372432,188,188000.000000,0,14.820000,0,0,0,0
cjson_parser,baseline-afl,AFL++ default,01,p1_e1_cjson_baseline-afl_r01,16,1779372432,188,188000.000000,0,14.820000,0,0,0,0
cjson_parser,baseline-afl,AFL++ default,01,p1_e1_cjson_baseline-afl_r01,17,1779372432,188,188000.000000,0,14.820000,0,0,0,0
cjson_parser,baseline-afl,AFL++ default,01,p1_e1_cjson_baseline-afl_r01,18,1779372432,188,188000.000000,0,14.820000,0,0,0,0
cjson_parser,baseline-afl,AFL++ default,01,p1_e1_cjson_baseline-afl_r01,19,1779372432,188,188000.000000,0,14.820000,0,0,0,0
cjson_parser,baseline-afl,AFL++ default,01,p1_e1_cjson_baseline-afl_r01,20,1779372432,188,188000.000000,0,14.820000,0,0,0,0
cjson_parser,baseline-afl,AFL++ default,01,p1_e1_cjson_baseline-afl_r01,21,1779372432,188,188000.000000,0,14.820000,0,0,0,0
cjson_parser,baseline-afl,AFL++ default,01,p1_e1_cjson_baseline-afl_r01,22,1779372432,188,188000.000000,0,14.820000,0,0,0,0
cjson_parser,baseline-afl,AFL++ default,01,p1_e1_cjson_baseline-afl_r01,23,1779372432,188,188000.000000,0,14.820000,0,0,0,0
cjson_parser,baseline-afl,AFL++ default,01,p1_e1_cjson_baseline-afl_r01,24,1779372432,188,188000.000000,0,14.820000,0,0,0,0
cjson_parser,baseline-afl,AFL++ default,01,p1_e1_cjson_baseline-afl_r01,25,1779372432,188,188000.000000,0,14.820000,0,0,0,0
cjson_parser,baseline-afl,AFL++ default,01,p1_e1_cjson_baseline-afl_r01,26,1779372432,188,188000.000000,0,14.820000,0,0,0,0
cjson_parser,baseline-afl,AFL++ default,01,p1_e1_cjson_baseline-afl_r01,27,1779372432,188,188000.000000,0,14.820000,0,0,0,0
cjson_parser,baseline-afl,AFL++ default,01,p1_e1_cjson_baseline-afl_r01,28,1779372432,188,188000.000000,0,14.820000,0,0,0,0
cjson_parser,baseline-afl,AFL++ default,01,p1_e1_cjson_baseline-afl_r01,29,1779372432,188,188000.000000,0,14.820000,0,0,0,0
cjson_parser,baseline-afl,AFL++ default,01,p1_e1_cjson_baseline-afl_r01,30,1779372432,188,188000.000000,0,14.820000,0,0,0,0
cjson_parser,baseline-afl,AFL++ default,01,p1_e1_cjson_baseline-afl_r01,31,1779372432,188,188000.000000,0,14.820000,0,0,0,0
cjson_parser,baseline-afl,AFL++ default,01,p1_e1_cjson_baseline-afl_r01,32,1779372432,188,188000.000000,0,14.820000,0,0,0,0
cjson_parser,baseline-afl,AFL++ default,01,p1_e1_cjson_baseline-afl_r01,33,1779372432,188,188000.000000,0,14.820000,0,0,0,0
cjson_parser,baseline-afl,AFL++ default,01,p1_e1_cjson_baseline-afl_r01,34,1779372432,188,188000.000000,0,14.820000,0,0,0,0
cjson_parser,baseline-afl,AFL++ default,01,p1_e1_cjson_baseline-afl_r01,35,1779372432,188,188000.000000,0,14.820000,0,0,0,0
cjson_parser,baseline-afl,AFL++ default,01,p1_e1_cjson_baseline-afl_r01,36,1779372432,188,188000.000000,0,14.820000,0,0,0,0
cjson_parser,baseline-afl,AFL++ default,01,p1_e1_cjson_baseline-afl_r01,37,1779372432,188,188000.000000,0,14.820000,0,0,0,0
cjson_parser,baseline-afl,AFL++ default,01,p1_e1_cjson_baseline-afl_r01,38,1779372432,188,188000.000000,0,14.820000,0,0,0,0
cjson_parser,baseline-afl,AFL++ default,01,p1_e1_cjson_baseline-afl_r01,39,1779372432,188,188000.000000,0,14.820000,0,0,0,0
cjson_parser,baseline-afl,AFL++ default,01,p1_e1_cjson_baseline-afl_r01,40,1779372432,188,188000.000000,0,14.820000,0,0,0,0
cjson_parser,baseline-afl,AFL++ default,01,p1_e1_cjson_baseline-afl_r01,41,1779372432,188,188000.000000,0,14.820000,0,0,0,0
cjson_parser,baseline-afl,AFL++ default,01,p1_e1_cjson_baseline-afl_r01,42,1779372432,188,188000.000000,0,14.820000,0,0,0,0
cjson_parser,baseline-afl,AFL++ default,01,p1_e1_cjson_baseline-afl_r01,43,1779372432,188,188000.000000,0,14.820000,0,0,0,0
cjson_parser,baseline-afl,AFL++ default,01,p1_e1_cjson_baseline-afl_r01,44,1779372432,188,188000.000000,0,14.820000,0,0,0,0
cjson_parser,baseline-afl,AFL++ default,01,p1_e1_cjson_baseline-afl_r01,45,1779372432,188,188000.000000,0,14.820000,0,0,0,0
cjson_parser,baseline-afl,AFL++ default,01,p1_e1_cjson_baseline-afl_r01,46,1779372432,188,188000.000000,0,14.820000,0,0,0,0
cjson_parser,baseline-afl,AFL++ default,01,p1_e1_cjson_baseline-afl_r01,47,1779372432,188,188000.000000,0,14.820000,0,0,0,0
cjson_parser,baseline-afl,AFL++ default,01,p1_e1_cjson_baseline-afl_r01,48,1779372432,188,188000.000000,0,14.820000,0,0,0,0
cjson_parser,baseline-afl,AFL++ default,01,p1_e1_cjson_baseline-afl_r01,49,1779372432,188,188000.000000,0,14.820000,0,0,0,0
cjson_parser,baseline-afl,AFL++ default,01,p1_e1_cjson_baseline-afl_r01,50,1779372432,188,188000.000000,0,14.820000,0,0,0,0
cjson_parser,baseline-afl,AFL++ default,01,p1_e1_cjson_baseline-afl_r01,51,1779372432,188,188000.000000,0,14.820000,0,0,0,0
cjson_parser,baseline-afl,AFL++ default,01,p1_e1_cjson_baseline-afl_r01,52,1779372432,188,188000.000000,0,14.820000,0,0,0,0
cjson_parser,baseline-afl,AFL++ default,01,p1_e1_cjson_baseline-afl_r01,53,1779372432,188,188000.000000,0,14.820000,0,0,0,0
cjson_parser,baseline-afl,AFL++ default,01,p1_e1_cjson_baseline-afl_r01,54,1779372432,188,188000.000000,0,14.820000,0,0,0,0
cjson_parser,baseline-afl,AFL++ default,01,p1_e1_cjson_baseline-afl_r01,55,1779372432,188,188000.000000,0,14.820000,0,0,0,0
cjson_parser,baseline-afl,AFL++ default,01,p1_e1_cjson_baseline-afl_r01,56,1779372432,188,188000.000000,0,14.820000,0,0,0,0
cjson_parser,baseline-afl,AFL++ default,01,p1_e1_cjson_baseline-afl_r01,57,1779372432,188,188000.000000,0,14.820000,0,0,0,0
cjson_parser,baseline-afl,AFL++ default,01,p1_e1_cjson_baseline-afl_r01,58,1779372432,188,188000.000000,0,14.820000,0,0,0,0
cjson_parser,baseline-afl,AFL++ default,01,p1_e1_cjson_baseline-afl_r01,59,1779372492,9124550,151946.680000,0,21.840000,0,0,0,0
cjson_parser,baseline-afl,AFL++ default,01,p1_e1_cjson_baseline-afl_r01,60,1779372492,9124550,151946.680000,0,21.840000,0,0,0,0
cjson_parser,baseline-afl,AFL++ default,01,p1_e1_cjson_baseline-afl_r01,61,1779372492,9124550,151946.680000,0,21.840000,0,0,0,0
cjson_parser,baseline-afl,AFL++ default,01,p1_e1_cjson_baseline-afl_r01,62,1779372492,9124550,151946.680000,0,21.840000,0,0,0,0
cjson_parser,baseline-afl,AFL++ default,01,p1_e1_cjson_baseline-afl_r01,63,1779372492,9124550,151946.680000,0,21.840000,0,0,0,0
cjson_parser,baseline-afl,AFL++ default,01,p1_e1_cjson_baseline-afl_r01,64,1779372492,9124550,151946.680000,0,21.840000,0,0,0,0
cjson_parser,baseline-afl,AFL++ default,01,p1_e1_cjson_baseline-afl_r01,65,1779372492,9124550,151946.680000,0,21.840000,0,0,0,0
cjson_parser,baseline-afl,AFL++ default,01,p1_e1_cjson_baseline-afl_r01,66,1779372492,9124550,151946.680000,0,21.840000,0,0,0,0
cjson_parser,baseline-afl,AFL++ default,01,p1_e1_cjson_baseline-afl_r01,67,1779372492,9124550,151946.680000,0,21.840000,0,0,0,0
cjson_parser,baseline-afl,AFL++ default,01,p1_e1_cjson_baseline-afl_r01,68,1779372492,9124550,151946.680000,0,21.840000,0,0,0,0
cjson_parser,baseline-afl,AFL++ default,01,p1_e1_cjson_baseline-afl_r01,69,1779372492,9124550,151946.680000,0,21.840000,0,0,0,0
cjson_parser,baseline-afl,AFL++ default,01,p1_e1_cjson_baseline-afl_r01,70,1779372492,9124550,151946.680000,0,21.840000,0,0,0,0
cjson_parser,baseline-afl,AFL++ default,01,p1_e1_cjson_baseline-afl_r01,71,1779372492,9124550,151946.680000,0,21.840000,0,0,0,0
cjson_parser,baseline-afl,AFL++ default,01,p1_e1_cjson_baseline-afl_r01,72,1779372492,9124550,151946.680000,0,21.840000,0,0,0,0
cjson_parser,baseline-afl,AFL++ default,01,p1_e1_cjson_baseline-afl_r01,73,1779372492,9124550,151946.680000,0,21.840000,0,0,0,0
cjson_parser,baseline-afl,AFL++ default,01,p1_e1_cjson_baseline-afl_r01,74,1779372492,9124550,151946.680000,0,21.840000,0,0,0,0
cjson_parser,baseline-afl,AFL++ default,01,p1_e1_cjson_baseline-afl_r01,75,1779372492,9124550,151946.680000,0,21.840000,0,0,0,0
cjson_parser,baseline-afl,AFL++ default,01,p1_e1_cjson_baseline-afl_r01,76,1779372492,9124550,151946.680000,0,21.840000,0,0,0,0
cjson_parser,baseline-afl,AFL++ default,01,p1_e1_cjson_baseline-afl_r01,77,1779372492,9124550,151946.680000,0,21.840000,0,0,0,0
cjson_parser,baseline-afl,AFL++ default,01,p1_e1_cjson_baseline-afl_r01,78,1779372492,9124550,151946.680000,0,21.840000,0,0,0,0
cjson_parser,baseline-afl,AFL++ default,01,p1_e1_cjson_baseline-afl_r01,79,1779372492,9124550,151946.680000,0,21.840000,0,0,0,0
cjson_parser,baseline-afl,AFL++ default,01,p1_e1_cjson_baseline-afl_r01,80,1779372492,9124550,151946.680000,0,21.840000,0,0,0,0
cjson_parser,baseline-afl,AFL++ default,01,p1_e1_cjson_baseline-afl_r01,81,1779372492,9124550,151946.680000,0,21.840000,0,0,0,0
cjson_parser,baseline-afl,AFL++ default,01,p1_e1_cjson_baseline-afl_r01,82,1779372492,9124550,151946.680000,0,21.840000,0,0,0,0
cjson_parser,baseline-afl,AFL++ default,01,p1_e1_cjson_baseline-afl_r01,83,1779372492,9124550,151946.680000,0,21.840000,0,0,0,0
cjson_parser,baseline-afl,AFL++ default,01,p1_e1_cjson_baseline-afl_r01,84,1779372492,9124550,151946.680000,0,21.840000,0,0,0,0
cjson_parser,baseline-afl,AFL++ default,01,p1_e1_cjson_baseline-afl_r01,85,1779372492,9124550,151946.680000,0,21.840000,0,0,0,0
cjson_parser,baseline-afl,AFL++ default,01,p1_e1_cjson_baseline-afl_r01,86,1779372492,9124550,151946.680000,0,21.840000,0,0,0,0
cjson_parser,baseline-afl,AFL++ default,01,p1_e1_cjson_baseline-afl_r01,87,1779372492,9124550,151946.680000,0,21.840000,0,0,0,0
cjson_parser,baseline-afl,AFL++ default,01,p1_e1_cjson_baseline-afl_r01,88,1779372492,9124550,151946.680000,0,21.840000,0,0,0,0
cjson_parser,baseline-afl,AFL++ default,01,p1_e1_cjson_baseline-afl_r01,89,1779372492,9124550,151946.680000,0,21.840000,0,0,0,0
cjson_parser,baseline-afl,AFL++ default,01,p1_e1_cjson_baseline-afl_r01,90,1779372492,9124550,151946.680000,0,21.840000,0,0,0,0
cjson_parser,baseline-afl,AFL++ default,01,p1_e1_cjson_baseline-afl_r01,91,1779372492,9124550,151946.680000,0,21.840000,0,0,0,0
cjson_parser,baseline-afl,AFL++ default,01,p1_e1_cjson_baseline-afl_r01,92,1779372492,9124550,151946.680000,0,21.840000,0,0,0,0
cjson_parser,baseline-afl,AFL++ default,01,p1_e1_cjson_baseline-afl_r01,93,1779372492,9124550,151946.680000,0,21.840000,0,0,0,0
cjson_parser,baseline-afl,AFL++ default,01,p1_e1_cjson_baseline-afl_r01,94,1779372492,9124550,151946.680000,0,21.840000,0,0,0,0
cjson_parser,baseline-afl,AFL++ default,01,p1_e1_cjson_baseline-afl_r01,95,1779372492,9124550,151946.680000,0,21.840000,0,0,0,0
cjson_parser,baseline-afl,AFL++ default,01,p1_e1_cjson_baseline-afl_r01,96,1779372492,9124550,151946.680000,0,21.840000,0,0,0,0
cjson_parser,baseline-afl,AFL++ default,01,p1_e1_cjson_baseline-afl_r01,97,1779372492,9124550,151946.680000,0,21.840000,0,0,0,0
cjson_parser,baseline-afl,AFL++ default,01,p1_e1_cjson_baseline-afl_r01,98,1779372492,9124550,151946.680000,0,21.840000,0,0,0,0
cjson_parser,baseline-afl,AFL++ default,01,p1_e1_cjson_baseline-afl_r01,99,1779372492,9124550,151946.680000,0,21.840000,0,0,0,0
cjson_parser,baseline-afl,AFL++ default,01,p1_e1_cjson_baseline-afl_r01,100,1779372492,9124550,151946.680000,0,21.840000,0,0,0,0
cjson_parser,baseline-afl,AFL++ default,01,p1_e1_cjson_baseline-afl_r01,101,1779372492,9124550,151946.680000,0,21.840000,0,0,0,0
cjson_parser,baseline-afl,AFL++ default,01,p1_e1_cjson_baseline-afl_r01,102,1779372492,9124550,151946.680000,0,21.840000,0,0,0,0
cjson_parser,baseline-afl,AFL++ default,01,p1_e1_cjson_baseline-afl_r01,103,1779372492,9124550,151946.680000,0,21.840000,0,0,0,0
cjson_parser,baseline-afl,AFL++ default,01,p1_e1_cjson_baseline-afl_r01,104,1779372492,9124550,151946.680000,0,21.840000,0,0,0,0
cjson_parser,baseline-afl,AFL++ default,01,p1_e1_cjson_baseline-afl_r01,105,1779372492,9124550,151946.680000,0,21.840000,0,0,0,0
cjson_parser,baseline-afl,AFL++ default,01,p1_e1_cjson_baseline-afl_r01,106,1779372492,9124550,151946.680000,0,21.840000,0,0,0,0
cjson_parser,baseline-afl,AFL++ default,01,p1_e1_cjson_baseline-afl_r01,107,1779372492,9124550,151946.680000,0,21.840000,0,0,0,0
cjson_parser,baseline-afl,AFL++ default,01,p1_e1_cjson_baseline-afl_r01,108,1779372492,9124550,151946.680000,0,21.840000,0,0,0,0
cjson_parser,baseline-afl,AFL++ default,01,p1_e1_cjson_baseline-afl_r01,109,1779372492,9124550,151946.680000,0,21.840000,0,0,0,0
cjson_parser,baseline-afl,AFL++ default,01,p1_e1_cjson_baseline-afl_r01,110,1779372492,9124550,151946.680000,0,21.840000,0,0,0,0
cjson_parser,baseline-afl,AFL++ default,01,p1_e1_cjson_baseline-afl_r01,111,1779372492,9124550,151946.680000,0,21.840000,0,0,0,0
cjson_parser,baseline-afl,AFL++ default,01,p1_e1_cjson_baseline-afl_r01,112,1779372492,9124550,151946.680000,0,21.840000,0,0,0,0
cjson_parser,baseline-afl,AFL++ default,01,p1_e1_cjson_baseline-afl_r01,113,1779372492,9124550,151946.680000,0,21.840000,0,0,0,0
cjson_parser,baseline-afl,AFL++ default,01,p1_e1_cjson_baseline-afl_r01,114,1779372492,9124550,151946.680000,0,21.840000,0,0,0,0
cjson_parser,baseline-afl,AFL++ default,01,p1_e1_cjson_baseline-afl_r01,115,1779372492,9124550,151946.680000,0,21.840000,0,0,0,0
cjson_parser,baseline-afl,AFL++ default,01,p1_e1_cjson_baseline-afl_r01,116,1779372492,9124550,151946.680000,0,21.840000,0,0,0,0
cjson_parser,baseline-afl,AFL++ default,01,p1_e1_cjson_baseline-afl_r01,117,1779372492,9124550,151946.680000,0,21.840000,0,0,0,0
cjson_parser,baseline-afl,AFL++ default,01,p1_e1_cjson_baseline-afl_r01,118,1779372492,9124550,151946.680000,0,21.840000,0,0,0,0
cjson_parser,baseline-afl,AFL++ default,01,p1_e1_cjson_baseline-afl_r01,119,1779372552,18136373,151062.170000,0,21.840000,0,0,0,0
cjson_parser,baseline-afl,AFL++ default,02,p1_e1_cjson_baseline-afl_r02,0,1779372432,188,188000.000000,0,14.820000,0,0,0,0
cjson_parser,baseline-afl,AFL++ default,02,p1_e1_cjson_baseline-afl_r02,1,1779372432,188,188000.000000,0,14.820000,0,0,0,0
cjson_parser,baseline-afl,AFL++ default,02,p1_e1_cjson_baseline-afl_r02,2,1779372432,188,188000.000000,0,14.820000,0,0,0,0
cjson_parser,baseline-afl,AFL++ default,02,p1_e1_cjson_baseline-afl_r02,3,1779372432,188,188000.000000,0,14.820000,0,0,0,0
cjson_parser,baseline-afl,AFL++ default,02,p1_e1_cjson_baseline-afl_r02,4,1779372432,188,188000.000000,0,14.820000,0,0,0,0
cjson_parser,baseline-afl,AFL++ default,02,p1_e1_cjson_baseline-afl_r02,5,1779372432,188,188000.000000,0,14.820000,0,0,0,0
cjson_parser,baseline-afl,AFL++ default,02,p1_e1_cjson_baseline-afl_r02,6,1779372432,188,188000.000000,0,14.820000,0,0,0,0
cjson_parser,baseline-afl,AFL++ default,02,p1_e1_cjson_baseline-afl_r02,7,1779372432,188,188000.000000,0,14.820000,0,0,0,0
cjson_parser,baseline-afl,AFL++ default,02,p1_e1_cjson_baseline-afl_r02,8,1779372432,188,188000.000000,0,14.820000,0,0,0,0
cjson_parser,baseline-afl,AFL++ default,02,p1_e1_cjson_baseline-afl_r02,9,1779372432,188,188000.000000,0,14.820000,0,0,0,0
cjson_parser,baseline-afl,AFL++ default,02,p1_e1_cjson_baseline-afl_r02,10,1779372432,188,188000.000000,0,14.820000,0,0,0,0
cjson_parser,baseline-afl,AFL++ default,02,p1_e1_cjson_baseline-afl_r02,11,1779372432,188,188000.000000,0,14.820000,0,0,0,0
cjson_parser,baseline-afl,AFL++ default,02,p1_e1_cjson_baseline-afl_r02,12,1779372432,188,188000.000000,0,14.820000,0,0,0,0
cjson_parser,baseline-afl,AFL++ default,02,p1_e1_cjson_baseline-afl_r02,13,1779372432,188,188000.000000,0,14.820000,0,0,0,0
cjson_parser,baseline-afl,AFL++ default,02,p1_e1_cjson_baseline-afl_r02,14,1779372432,188,188000.000000,0,14.820000,0,0,0,0
cjson_parser,baseline-afl,AFL++ default,02,p1_e1_cjson_baseline-afl_r02,15,1779372432,188,188000.000000,0,14.820000,0,0,0,0
cjson_parser,baseline-afl,AFL++ default,02,p1_e1_cjson_baseline-afl_r02,16,1779372432,188,188000.000000,0,14.820000,0,0,0,0
cjson_parser,baseline-afl,AFL++ default,02,p1_e1_cjson_baseline-afl_r02,17,1779372432,188,188000.000000,0,14.820000,0,0,0,0
cjson_parser,baseline-afl,AFL++ default,02,p1_e1_cjson_baseline-afl_r02,18,1779372432,188,188000.000000,0,14.820000,0,0,0,0
cjson_parser,baseline-afl,AFL++ default,02,p1_e1_cjson_baseline-afl_r02,19,1779372432,188,188000.000000,0,14.820000,0,0,0,0
cjson_parser,baseline-afl,AFL++ default,02,p1_e1_cjson_baseline-afl_r02,20,1779372432,188,188000.000000,0,14.820000,0,0,0,0
cjson_parser,baseline-afl,AFL++ default,02,p1_e1_cjson_baseline-afl_r02,21,1779372432,188,188000.000000,0,14.820000,0,0,0,0
cjson_parser,baseline-afl,AFL++ default,02,p1_e1_cjson_baseline-afl_r02,22,1779372432,188,188000.000000,0,14.820000,0,0,0,0
cjson_parser,baseline-afl,AFL++ default,02,p1_e1_cjson_baseline-afl_r02,23,1779372432,188,188000.000000,0,14.820000,0,0,0,0
cjson_parser,baseline-afl,AFL++ default,02,p1_e1_cjson_baseline-afl_r02,24,1779372432,188,188000.000000,0,14.820000,0,0,0,0
cjson_parser,baseline-afl,AFL++ default,02,p1_e1_cjson_baseline-afl_r02,25,1779372432,188,188000.000000,0,14.820000,0,0,0,0
cjson_parser,baseline-afl,AFL++ default,02,p1_e1_cjson_baseline-afl_r02,26,1779372432,188,188000.000000,0,14.820000,0,0,0,0
cjson_parser,baseline-afl,AFL++ default,02,p1_e1_cjson_baseline-afl_r02,27,1779372432,188,188000.000000,0,14.820000,0,0,0,0
cjson_parser,baseline-afl,AFL++ default,02,p1_e1_cjson_baseline-afl_r02,28,1779372432,188,188000.000000,0,14.820000,0,0,0,0
cjson_parser,baseline-afl,AFL++ default,02,p1_e1_cjson_baseline-afl_r02,29,1779372432,188,188000.000000,0,14.820000,0,0,0,0
cjson_parser,baseline-afl,AFL++ default,02,p1_e1_cjson_baseline-afl_r02,30,1779372432,188,188000.000000,0,14.820000,0,0,0,0
cjson_parser,baseline-afl,AFL++ default,02,p1_e1_cjson_baseline-afl_r02,31,1779372432,188,188000.000000,0,14.820000,0,0,0,0
cjson_parser,baseline-afl,AFL++ default,02,p1_e1_cjson_baseline-afl_r02,32,1779372432,188,188000.000000,0,14.820000,0,0,0,0
cjson_parser,baseline-afl,AFL++ default,02,p1_e1_cjson_baseline-afl_r02,33,1779372432,188,188000.000000,0,14.820000,0,0,0,0
cjson_parser,baseline-afl,AFL++ default,02,p1_e1_cjson_baseline-afl_r02,34,1779372432,188,188000.000000,0,14.820000,0,0,0,0
cjson_parser,baseline-afl,AFL++ default,02,p1_e1_cjson_baseline-afl_r02,35,1779372432,188,188000.000000,0,14.820000,0,0,0,0
cjson_parser,baseline-afl,AFL++ default,02,p1_e1_cjson_baseline-afl_r02,36,1779372432,188,188000.000000,0,14.820000,0,0,0,0
cjson_parser,baseline-afl,AFL++ default,02,p1_e1_cjson_baseline-afl_r02,37,1779372432,188,188000.000000,0,14.820000,0,0,0,0
cjson_parser,baseline-afl,AFL++ default,02,p1_e1_cjson_baseline-afl_r02,38,1779372432,188,188000.000000,0,14.820000,0,0,0,0
cjson_parser,baseline-afl,AFL++ default,02,p1_e1_cjson_baseline-afl_r02,39,1779372432,188,188000.000000,0,14.820000,0,0,0,0
cjson_parser,baseline-afl,AFL++ default,02,p1_e1_cjson_baseline-afl_r02,40,1779372432,188,188000.000000,0,14.820000,0,0,0,0
cjson_parser,baseline-afl,AFL++ default,02,p1_e1_cjson_baseline-afl_r02,41,1779372432,188,188000.000000,0,14.820000,0,0,0,0
cjson_parser,baseline-afl,AFL++ default,02,p1_e1_cjson_baseline-afl_r02,42,1779372432,188,188000.000000,0,14.820000,0,0,0,0
cjson_parser,baseline-afl,AFL++ default,02,p1_e1_cjson_baseline-afl_r02,43,1779372432,188,188000.000000,0,14.820000,0,0,0,0
cjson_parser,baseline-afl,AFL++ default,02,p1_e1_cjson_baseline-afl_r02,44,1779372432,188,188000.000000,0,14.820000,0,0,0,0
cjson_parser,baseline-afl,AFL++ default,02,p1_e1_cjson_baseline-afl_r02,45,1779372432,188,188000.000000,0,14.820000,0,0,0,0
cjson_parser,baseline-afl,AFL++ default,02,p1_e1_cjson_baseline-afl_r02,46,1779372432,188,188000.000000,0,14.820000,0,0,0,0
cjson_parser,baseline-afl,AFL++ default,02,p1_e1_cjson_baseline-afl_r02,47,1779372432,188,188000.000000,0,14.820000,0,0,0,0
cjson_parser,baseline-afl,AFL++ default,02,p1_e1_cjson_baseline-afl_r02,48,1779372432,188,188000.000000,0,14.820000,0,0,0,0
cjson_parser,baseline-afl,AFL++ default,02,p1_e1_cjson_baseline-afl_r02,49,1779372432,188,188000.000000,0,14.820000,0,0,0,0
cjson_parser,baseline-afl,AFL++ default,02,p1_e1_cjson_baseline-afl_r02,50,1779372432,188,188000.000000,0,14.820000,0,0,0,0
cjson_parser,baseline-afl,AFL++ default,02,p1_e1_cjson_baseline-afl_r02,51,1779372432,188,188000.000000,0,14.820000,0,0,0,0
cjson_parser,baseline-afl,AFL++ default,02,p1_e1_cjson_baseline-afl_r02,52,1779372432,188,188000.000000,0,14.820000,0,0,0,0
cjson_parser,baseline-afl,AFL++ default,02,p1_e1_cjson_baseline-afl_r02,53,1779372432,188,188000.000000,0,14.820000,0,0,0,0
cjson_parser,baseline-afl,AFL++ default,02,p1_e1_cjson_baseline-afl_r02,54,1779372432,188,188000.000000,0,14.820000,0,0,0,0
cjson_parser,baseline-afl,AFL++ default,02,p1_e1_cjson_baseline-afl_r02,55,1779372432,188,188000.000000,0,14.820000,0,0,0,0
cjson_parser,baseline-afl,AFL++ default,02,p1_e1_cjson_baseline-afl_r02,56,1779372432,188,188000.000000,0,14.820000,0,0,0,0
cjson_parser,baseline-afl,AFL++ default,02,p1_e1_cjson_baseline-afl_r02,57,1779372432,188,188000.000000,0,14.820000,0,0,0,0
cjson_parser,baseline-afl,AFL++ default,02,p1_e1_cjson_baseline-afl_r02,58,1779372432,188,188000.000000,0,14.820000,0,0,0,0
cjson_parser,baseline-afl,AFL++ default,02,p1_e1_cjson_baseline-afl_r02,59,1779372492,9067323,151013.820000,0,21.840000,0,0,0,0
cjson_parser,baseline-afl,AFL++ default,02,p1_e1_cjson_baseline-afl_r02,60,1779372492,9067323,151013.820000,0,21.840000,0,0,0,0
cjson_parser,baseline-afl,AFL++ default,02,p1_e1_cjson_baseline-afl_r02,61,1779372492,9067323,151013.820000,0,21.840000,0,0,0,0
cjson_parser,baseline-afl,AFL++ default,02,p1_e1_cjson_baseline-afl_r02,62,1779372492,9067323,151013.820000,0,21.840000,0,0,0,0
cjson_parser,baseline-afl,AFL++ default,02,p1_e1_cjson_baseline-afl_r02,63,1779372492,9067323,151013.820000,0,21.840000,0,0,0,0
cjson_parser,baseline-afl,AFL++ default,02,p1_e1_cjson_baseline-afl_r02,64,1779372492,9067323,151013.820000,0,21.840000,0,0,0,0
cjson_parser,baseline-afl,AFL++ default,02,p1_e1_cjson_baseline-afl_r02,65,1779372492,9067323,151013.820000,0,21.840000,0,0,0,0
cjson_parser,baseline-afl,AFL++ default,02,p1_e1_cjson_baseline-afl_r02,66,1779372492,9067323,151013.820000,0,21.840000,0,0,0,0
cjson_parser,baseline-afl,AFL++ default,02,p1_e1_cjson_baseline-afl_r02,67,1779372492,9067323,151013.820000,0,21.840000,0,0,0,0
cjson_parser,baseline-afl,AFL++ default,02,p1_e1_cjson_baseline-afl_r02,68,1779372492,9067323,151013.820000,0,21.840000,0,0,0,0
cjson_parser,baseline-afl,AFL++ default,02,p1_e1_cjson_baseline-afl_r02,69,1779372492,9067323,151013.820000,0,21.840000,0,0,0,0
cjson_parser,baseline-afl,AFL++ default,02,p1_e1_cjson_baseline-afl_r02,70,1779372492,9067323,151013.820000,0,21.840000,0,0,0,0
cjson_parser,baseline-afl,AFL++ default,02,p1_e1_cjson_baseline-afl_r02,71,1779372492,9067323,151013.820000,0,21.840000,0,0,0,0
cjson_parser,baseline-afl,AFL++ default,02,p1_e1_cjson_baseline-afl_r02,72,1779372492,9067323,151013.820000,0,21.840000,0,0,0,0
cjson_parser,baseline-afl,AFL++ default,02,p1_e1_cjson_baseline-afl_r02,73,1779372492,9067323,151013.820000,0,21.840000,0,0,0,0
cjson_parser,baseline-afl,AFL++ default,02,p1_e1_cjson_baseline-afl_r02,74,1779372492,9067323,151013.820000,0,21.840000,0,0,0,0
cjson_parser,baseline-afl,AFL++ default,02,p1_e1_cjson_baseline-afl_r02,75,1779372492,9067323,151013.820000,0,21.840000,0,0,0,0
cjson_parser,baseline-afl,AFL++ default,02,p1_e1_cjson_baseline-afl_r02,76,1779372492,9067323,151013.820000,0,21.840000,0,0,0,0
cjson_parser,baseline-afl,AFL++ default,02,p1_e1_cjson_baseline-afl_r02,77,1779372492,9067323,151013.820000,0,21.840000,0,0,0,0
cjson_parser,baseline-afl,AFL++ default,02,p1_e1_cjson_baseline-afl_r02,78,1779372492,9067323,151013.820000,0,21.840000,0,0,0,0
cjson_parser,baseline-afl,AFL++ default,02,p1_e1_cjson_baseline-afl_r02,79,1779372492,9067323,151013.820000,0,21.840000,0,0,0,0
cjson_parser,baseline-afl,AFL++ default,02,p1_e1_cjson_baseline-afl_r02,80,1779372492,9067323,151013.820000,0,21.840000,0,0,0,0
cjson_parser,baseline-afl,AFL++ default,02,p1_e1_cjson_baseline-afl_r02,81,1779372492,9067323,151013.820000,0,21.840000,0,0,0,0
cjson_parser,baseline-afl,AFL++ default,02,p1_e1_cjson_baseline-afl_r02,82,1779372492,9067323,151013.820000,0,21.840000,0,0,0,0
cjson_parser,baseline-afl,AFL++ default,02,p1_e1_cjson_baseline-afl_r02,83,1779372492,9067323,151013.820000,0,21.840000,0,0,0,0
cjson_parser,baseline-afl,AFL++ default,02,p1_e1_cjson_baseline-afl_r02,84,1779372492,9067323,151013.820000,0,21.840000,0,0,0,0
cjson_parser,baseline-afl,AFL++ default,02,p1_e1_cjson_baseline-afl_r02,85,1779372492,9067323,151013.820000,0,21.840000,0,0,0,0
cjson_parser,baseline-afl,AFL++ default,02,p1_e1_cjson_baseline-afl_r02,86,1779372492,9067323,151013.820000,0,21.840000,0,0,0,0
cjson_parser,baseline-afl,AFL++ default,02,p1_e1_cjson_baseline-afl_r02,87,1779372492,9067323,151013.820000,0,21.840000,0,0,0,0
cjson_parser,baseline-afl,AFL++ default,02,p1_e1_cjson_baseline-afl_r02,88,1779372492,9067323,151013.820000,0,21.840000,0,0,0,0
cjson_parser,baseline-afl,AFL++ default,02,p1_e1_cjson_baseline-afl_r02,89,1779372492,9067323,151013.820000,0,21.840000,0,0,0,0
cjson_parser,baseline-afl,AFL++ default,02,p1_e1_cjson_baseline-afl_r02,90,1779372492,9067323,151013.820000,0,21.840000,0,0,0,0
cjson_parser,baseline-afl,AFL++ default,02,p1_e1_cjson_baseline-afl_r02,91,1779372492,9067323,151013.820000,0,21.840000,0,0,0,0
cjson_parser,baseline-afl,AFL++ default,02,p1_e1_cjson_baseline-afl_r02,92,1779372492,9067323,151013.820000,0,21.840000,0,0,0,0
cjson_parser,baseline-afl,AFL++ default,02,p1_e1_cjson_baseline-afl_r02,93,1779372492,9067323,151013.820000,0,21.840000,0,0,0,0
cjson_parser,baseline-afl,AFL++ default,02,p1_e1_cjson_baseline-afl_r02,94,1779372492,9067323,151013.820000,0,21.840000,0,0,0,0
cjson_parser,baseline-afl,AFL++ default,02,p1_e1_cjson_baseline-afl_r02,95,1779372492,9067323,151013.820000,0,21.840000,0,0,0,0
cjson_parser,baseline-afl,AFL++ default,02,p1_e1_cjson_baseline-afl_r02,96,1779372492,9067323,151013.820000,0,21.840000,0,0,0,0
cjson_parser,baseline-afl,AFL++ default,02,p1_e1_cjson_baseline-afl_r02,97,1779372492,9067323,151013.820000,0,21.840000,0,0,0,0
cjson_parser,baseline-afl,AFL++ default,02,p1_e1_cjson_baseline-afl_r02,98,1779372492,9067323,151013.820000,0,21.840000,0,0,0,0
cjson_parser,baseline-afl,AFL++ default,02,p1_e1_cjson_baseline-afl_r02,99,1779372492,9067323,151013.820000,0,21.840000,0,0,0,0
cjson_parser,baseline-afl,AFL++ default,02,p1_e1_cjson_baseline-afl_r02,100,1779372492,9067323,151013.820000,0,21.840000,0,0,0,0
cjson_parser,baseline-afl,AFL++ default,02,p1_e1_cjson_baseline-afl_r02,101,1779372492,9067323,151013.820000,0,21.840000,0,0,0,0
cjson_parser,baseline-afl,AFL++ default,02,p1_e1_cjson_baseline-afl_r02,102,1779372492,9067323,151013.820000,0,21.840000,0,0,0,0
cjson_parser,baseline-afl,AFL++ default,02,p1_e1_cjson_baseline-afl_r02,103,1779372492,9067323,151013.820000,0,21.840000,0,0,0,0
cjson_parser,baseline-afl,AFL++ default,02,p1_e1_cjson_baseline-afl_r02,104,1779372492,9067323,151013.820000,0,21.840000,0,0,0,0
cjson_parser,baseline-afl,AFL++ default,02,p1_e1_cjson_baseline-afl_r02,105,1779372492,9067323,151013.820000,0,21.840000,0,0,0,0
cjson_parser,baseline-afl,AFL++ default,02,p1_e1_cjson_baseline-afl_r02,106,1779372492,9067323,151013.820000,0,21.840000,0,0,0,0
cjson_parser,baseline-afl,AFL++ default,02,p1_e1_cjson_baseline-afl_r02,107,1779372492,9067323,151013.820000,0,21.840000,0,0,0,0
cjson_parser,baseline-afl,AFL++ default,02,p1_e1_cjson_baseline-afl_r02,108,1779372492,9067323,151013.820000,0,21.840000,0,0,0,0
cjson_parser,baseline-afl,AFL++ default,02,p1_e1_cjson_baseline-afl_r02,109,1779372492,9067323,151013.820000,0,21.840000,0,0,0,0
cjson_parser,baseline-afl,AFL++ default,02,p1_e1_cjson_baseline-afl_r02,110,1779372492,9067323,151013.820000,0,21.840000,0,0,0,0
cjson_parser,baseline-afl,AFL++ default,02,p1_e1_cjson_baseline-afl_r02,111,1779372492,9067323,151013.820000,0,21.840000,0,0,0,0
cjson_parser,baseline-afl,AFL++ default,02,p1_e1_cjson_baseline-afl_r02,112,1779372492,9067323,151013.820000,0,21.840000,0,0,0,0
cjson_parser,baseline-afl,AFL++ default,02,p1_e1_cjson_baseline-afl_r02,113,1779372492,9067323,151013.820000,0,21.840000,0,0,0,0
cjson_parser,baseline-afl,AFL++ default,02,p1_e1_cjson_baseline-afl_r02,114,1779372492,9067323,151013.820000,0,21.840000,0,0,0,0
cjson_parser,baseline-afl,AFL++ default,02,p1_e1_cjson_baseline-afl_r02,115,1779372492,9067323,151013.820000,0,21.840000,0,0,0,0
cjson_parser,baseline-afl,AFL++ default,02,p1_e1_cjson_baseline-afl_r02,116,1779372492,9067323,151013.820000,0,21.840000,0,0,0,0
cjson_parser,baseline-afl,AFL++ default,02,p1_e1_cjson_baseline-afl_r02,117,1779372492,9067323,151013.820000,0,21.840000,0,0,0,0
cjson_parser,baseline-afl,AFL++ default,02,p1_e1_cjson_baseline-afl_r02,118,1779372492,9067323,151013.820000,0,21.840000,0,0,0,0
cjson_parser,baseline-afl,AFL++ default,02,p1_e1_cjson_baseline-afl_r02,119,1779372552,18042584,150245.940000,0,21.840000,0,0,0,0
cjson_parser,baseline-afl,AFL++ default,03,p1_e1_cjson_baseline-afl_r03,0,1779372432,188,188000.000000,0,14.820000,0,0,0,0
cjson_parser,baseline-afl,AFL++ default,03,p1_e1_cjson_baseline-afl_r03,1,1779372432,188,188000.000000,0,14.820000,0,0,0,0
cjson_parser,baseline-afl,AFL++ default,03,p1_e1_cjson_baseline-afl_r03,2,1779372432,188,188000.000000,0,14.820000,0,0,0,0
cjson_parser,baseline-afl,AFL++ default,03,p1_e1_cjson_baseline-afl_r03,3,1779372432,188,188000.000000,0,14.820000,0,0,0,0
cjson_parser,baseline-afl,AFL++ default,03,p1_e1_cjson_baseline-afl_r03,4,1779372432,188,188000.000000,0,14.820000,0,0,0,0
cjson_parser,baseline-afl,AFL++ default,03,p1_e1_cjson_baseline-afl_r03,5,1779372432,188,188000.000000,0,14.820000,0,0,0,0
cjson_parser,baseline-afl,AFL++ default,03,p1_e1_cjson_baseline-afl_r03,6,1779372432,188,188000.000000,0,14.820000,0,0,0,0
cjson_parser,baseline-afl,AFL++ default,03,p1_e1_cjson_baseline-afl_r03,7,1779372432,188,188000.000000,0,14.820000,0,0,0,0
cjson_parser,baseline-afl,AFL++ default,03,p1_e1_cjson_baseline-afl_r03,8,1779372432,188,188000.000000,0,14.820000,0,0,0,0
cjson_parser,baseline-afl,AFL++ default,03,p1_e1_cjson_baseline-afl_r03,9,1779372432,188,188000.000000,0,14.820000,0,0,0,0
cjson_parser,baseline-afl,AFL++ default,03,p1_e1_cjson_baseline-afl_r03,10,1779372432,188,188000.000000,0,14.820000,0,0,0,0
cjson_parser,baseline-afl,AFL++ default,03,p1_e1_cjson_baseline-afl_r03,11,1779372432,188,188000.000000,0,14.820000,0,0,0,0
cjson_parser,baseline-afl,AFL++ default,03,p1_e1_cjson_baseline-afl_r03,12,1779372432,188,188000.000000,0,14.820000,0,0,0,0
cjson_parser,baseline-afl,AFL++ default,03,p1_e1_cjson_baseline-afl_r03,13,1779372432,188,188000.000000,0,14.820000,0,0,0,0
cjson_parser,baseline-afl,AFL++ default,03,p1_e1_cjson_baseline-afl_r03,14,1779372432,188,188000.000000,0,14.820000,0,0,0,0
cjson_parser,baseline-afl,AFL++ default,03,p1_e1_cjson_baseline-afl_r03,15,1779372432,188,188000.000000,0,14.820000,0,0,0,0
cjson_parser,baseline-afl,AFL++ default,03,p1_e1_cjson_baseline-afl_r03,16,1779372432,188,188000.000000,0,14.820000,0,0,0,0
cjson_parser,baseline-afl,AFL++ default,03,p1_e1_cjson_baseline-afl_r03,17,1779372432,188,188000.000000,0,14.820000,0,0,0,0
cjson_parser,baseline-afl,AFL++ default,03,p1_e1_cjson_baseline-afl_r03,18,1779372432,188,188000.000000,0,14.820000,0,0,0,0
cjson_parser,baseline-afl,AFL++ default,03,p1_e1_cjson_baseline-afl_r03,19,1779372432,188,188000.000000,0,14.820000,0,0,0,0
cjson_parser,baseline-afl,AFL++ default,03,p1_e1_cjson_baseline-afl_r03,20,1779372432,188,188000.000000,0,14.820000,0,0,0,0
cjson_parser,baseline-afl,AFL++ default,03,p1_e1_cjson_baseline-afl_r03,21,1779372432,188,188000.000000,0,14.820000,0,0,0,0
cjson_parser,baseline-afl,AFL++ default,03,p1_e1_cjson_baseline-afl_r03,22,1779372432,188,188000.000000,0,14.820000,0,0,0,0
cjson_parser,baseline-afl,AFL++ default,03,p1_e1_cjson_baseline-afl_r03,23,1779372432,188,188000.000000,0,14.820000,0,0,0,0
cjson_parser,baseline-afl,AFL++ default,03,p1_e1_cjson_baseline-afl_r03,24,1779372432,188,188000.000000,0,14.820000,0,0,0,0
cjson_parser,baseline-afl,AFL++ default,03,p1_e1_cjson_baseline-afl_r03,25,1779372432,188,188000.000000,0,14.820000,0,0,0,0
cjson_parser,baseline-afl,AFL++ default,03,p1_e1_cjson_baseline-afl_r03,26,1779372432,188,188000.000000,0,14.820000,0,0,0,0
cjson_parser,baseline-afl,AFL++ default,03,p1_e1_cjson_baseline-afl_r03,27,1779372432,188,188000.000000,0,14.820000,0,0,0,0
cjson_parser,baseline-afl,AFL++ default,03,p1_e1_cjson_baseline-afl_r03,28,1779372432,188,188000.000000,0,14.820000,0,0,0,0
cjson_parser,baseline-afl,AFL++ default,03,p1_e1_cjson_baseline-afl_r03,29,1779372432,188,188000.000000,0,14.820000,0,0,0,0
cjson_parser,baseline-afl,AFL++ default,03,p1_e1_cjson_baseline-afl_r03,30,1779372432,188,188000.000000,0,14.820000,0,0,0,0
cjson_parser,baseline-afl,AFL++ default,03,p1_e1_cjson_baseline-afl_r03,31,1779372432,188,188000.000000,0,14.820000,0,0,0,0
cjson_parser,baseline-afl,AFL++ default,03,p1_e1_cjson_baseline-afl_r03,32,1779372432,188,188000.000000,0,14.820000,0,0,0,0
cjson_parser,baseline-afl,AFL++ default,03,p1_e1_cjson_baseline-afl_r03,33,1779372432,188,188000.000000,0,14.820000,0,0,0,0
cjson_parser,baseline-afl,AFL++ default,03,p1_e1_cjson_baseline-afl_r03,34,1779372432,188,188000.000000,0,14.820000,0,0,0,0
cjson_parser,baseline-afl,AFL++ default,03,p1_e1_cjson_baseline-afl_r03,35,1779372432,188,188000.000000,0,14.820000,0,0,0,0
cjson_parser,baseline-afl,AFL++ default,03,p1_e1_cjson_baseline-afl_r03,36,1779372432,188,188000.000000,0,14.820000,0,0,0,0
cjson_parser,baseline-afl,AFL++ default,03,p1_e1_cjson_baseline-afl_r03,37,1779372432,188,188000.000000,0,14.820000,0,0,0,0
cjson_parser,baseline-afl,AFL++ default,03,p1_e1_cjson_baseline-afl_r03,38,1779372432,188,188000.000000,0,14.820000,0,0,0,0
cjson_parser,baseline-afl,AFL++ default,03,p1_e1_cjson_baseline-afl_r03,39,1779372432,188,188000.000000,0,14.820000,0,0,0,0
cjson_parser,baseline-afl,AFL++ default,03,p1_e1_cjson_baseline-afl_r03,40,1779372432,188,188000.000000,0,14.820000,0,0,0,0
cjson_parser,baseline-afl,AFL++ default,03,p1_e1_cjson_baseline-afl_r03,41,1779372432,188,188000.000000,0,14.820000,0,0,0,0
cjson_parser,baseline-afl,AFL++ default,03,p1_e1_cjson_baseline-afl_r03,42,1779372432,188,188000.000000,0,14.820000,0,0,0,0
cjson_parser,baseline-afl,AFL++ default,03,p1_e1_cjson_baseline-afl_r03,43,1779372432,188,188000.000000,0,14.820000,0,0,0,0
cjson_parser,baseline-afl,AFL++ default,03,p1_e1_cjson_baseline-afl_r03,44,1779372432,188,188000.000000,0,14.820000,0,0,0,0
cjson_parser,baseline-afl,AFL++ default,03,p1_e1_cjson_baseline-afl_r03,45,1779372432,188,188000.000000,0,14.820000,0,0,0,0
cjson_parser,baseline-afl,AFL++ default,03,p1_e1_cjson_baseline-afl_r03,46,1779372432,188,188000.000000,0,14.820000,0,0,0,0
cjson_parser,baseline-afl,AFL++ default,03,p1_e1_cjson_baseline-afl_r03,47,1779372432,188,188000.000000,0,14.820000,0,0,0,0
cjson_parser,baseline-afl,AFL++ default,03,p1_e1_cjson_baseline-afl_r03,48,1779372432,188,188000.000000,0,14.820000,0,0,0,0
cjson_parser,baseline-afl,AFL++ default,03,p1_e1_cjson_baseline-afl_r03,49,1779372432,188,188000.000000,0,14.820000,0,0,0,0
cjson_parser,baseline-afl,AFL++ default,03,p1_e1_cjson_baseline-afl_r03,50,1779372432,188,188000.000000,0,14.820000,0,0,0,0
cjson_parser,baseline-afl,AFL++ default,03,p1_e1_cjson_baseline-afl_r03,51,1779372432,188,188000.000000,0,14.820000,0,0,0,0
cjson_parser,baseline-afl,AFL++ default,03,p1_e1_cjson_baseline-afl_r03,52,1779372432,188,188000.000000,0,14.820000,0,0,0,0
cjson_parser,baseline-afl,AFL++ default,03,p1_e1_cjson_baseline-afl_r03,53,1779372432,188,188000.000000,0,14.820000,0,0,0,0
cjson_parser,baseline-afl,AFL++ default,03,p1_e1_cjson_baseline-afl_r03,54,1779372432,188,188000.000000,0,14.820000,0,0,0,0
cjson_parser,baseline-afl,AFL++ default,03,p1_e1_cjson_baseline-afl_r03,55,1779372432,188,188000.000000,0,14.820000,0,0,0,0
cjson_parser,baseline-afl,AFL++ default,03,p1_e1_cjson_baseline-afl_r03,56,1779372432,188,188000.000000,0,14.820000,0,0,0,0
cjson_parser,baseline-afl,AFL++ default,03,p1_e1_cjson_baseline-afl_r03,57,1779372432,188,188000.000000,0,14.820000,0,0,0,0
cjson_parser,baseline-afl,AFL++ default,03,p1_e1_cjson_baseline-afl_r03,58,1779372432,188,188000.000000,0,14.820000,0,0,0,0
cjson_parser,baseline-afl,AFL++ default,03,p1_e1_cjson_baseline-afl_r03,59,1779372492,9079336,151193.750000,0,21.840000,0,0,0,0
cjson_parser,baseline-afl,AFL++ default,03,p1_e1_cjson_baseline-afl_r03,60,1779372492,9079336,151193.750000,0,21.840000,0,0,0,0
cjson_parser,baseline-afl,AFL++ default,03,p1_e1_cjson_baseline-afl_r03,61,1779372492,9079336,151193.750000,0,21.840000,0,0,0,0
cjson_parser,baseline-afl,AFL++ default,03,p1_e1_cjson_baseline-afl_r03,62,1779372492,9079336,151193.750000,0,21.840000,0,0,0,0
cjson_parser,baseline-afl,AFL++ default,03,p1_e1_cjson_baseline-afl_r03,63,1779372492,9079336,151193.750000,0,21.840000,0,0,0,0
cjson_parser,baseline-afl,AFL++ default,03,p1_e1_cjson_baseline-afl_r03,64,1779372492,9079336,151193.750000,0,21.840000,0,0,0,0
cjson_parser,baseline-afl,AFL++ default,03,p1_e1_cjson_baseline-afl_r03,65,1779372492,9079336,151193.750000,0,21.840000,0,0,0,0
cjson_parser,baseline-afl,AFL++ default,03,p1_e1_cjson_baseline-afl_r03,66,1779372492,9079336,151193.750000,0,21.840000,0,0,0,0
cjson_parser,baseline-afl,AFL++ default,03,p1_e1_cjson_baseline-afl_r03,67,1779372492,9079336,151193.750000,0,21.840000,0,0,0,0
cjson_parser,baseline-afl,AFL++ default,03,p1_e1_cjson_baseline-afl_r03,68,1779372492,9079336,151193.750000,0,21.840000,0,0,0,0
cjson_parser,baseline-afl,AFL++ default,03,p1_e1_cjson_baseline-afl_r03,69,1779372492,9079336,151193.750000,0,21.840000,0,0,0,0
cjson_parser,baseline-afl,AFL++ default,03,p1_e1_cjson_baseline-afl_r03,70,1779372492,9079336,151193.750000,0,21.840000,0,0,0,0
cjson_parser,baseline-afl,AFL++ default,03,p1_e1_cjson_baseline-afl_r03,71,1779372492,9079336,151193.750000,0,21.840000,0,0,0,0
cjson_parser,baseline-afl,AFL++ default,03,p1_e1_cjson_baseline-afl_r03,72,1779372492,9079336,151193.750000,0,21.840000,0,0,0,0
cjson_parser,baseline-afl,AFL++ default,03,p1_e1_cjson_baseline-afl_r03,73,1779372492,9079336,151193.750000,0,21.840000,0,0,0,0
cjson_parser,baseline-afl,AFL++ default,03,p1_e1_cjson_baseline-afl_r03,74,1779372492,9079336,151193.750000,0,21.840000,0,0,0,0
cjson_parser,baseline-afl,AFL++ default,03,p1_e1_cjson_baseline-afl_r03,75,1779372492,9079336,151193.750000,0,21.840000,0,0,0,0
cjson_parser,baseline-afl,AFL++ default,03,p1_e1_cjson_baseline-afl_r03,76,1779372492,9079336,151193.750000,0,21.840000,0,0,0,0
cjson_parser,baseline-afl,AFL++ default,03,p1_e1_cjson_baseline-afl_r03,77,1779372492,9079336,151193.750000,0,21.840000,0,0,0,0
cjson_parser,baseline-afl,AFL++ default,03,p1_e1_cjson_baseline-afl_r03,78,1779372492,9079336,151193.750000,0,21.840000,0,0,0,0
cjson_parser,baseline-afl,AFL++ default,03,p1_e1_cjson_baseline-afl_r03,79,1779372492,9079336,151193.750000,0,21.840000,0,0,0,0
cjson_parser,baseline-afl,AFL++ default,03,p1_e1_cjson_baseline-afl_r03,80,1779372492,9079336,151193.750000,0,21.840000,0,0,0,0
cjson_parser,baseline-afl,AFL++ default,03,p1_e1_cjson_baseline-afl_r03,81,1779372492,9079336,151193.750000,0,21.840000,0,0,0,0
cjson_parser,baseline-afl,AFL++ default,03,p1_e1_cjson_baseline-afl_r03,82,1779372492,9079336,151193.750000,0,21.840000,0,0,0,0
cjson_parser,baseline-afl,AFL++ default,03,p1_e1_cjson_baseline-afl_r03,83,1779372492,9079336,151193.750000,0,21.840000,0,0,0,0
cjson_parser,baseline-afl,AFL++ default,03,p1_e1_cjson_baseline-afl_r03,84,1779372492,9079336,151193.750000,0,21.840000,0,0,0,0
cjson_parser,baseline-afl,AFL++ default,03,p1_e1_cjson_baseline-afl_r03,85,1779372492,9079336,151193.750000,0,21.840000,0,0,0,0
cjson_parser,baseline-afl,AFL++ default,03,p1_e1_cjson_baseline-afl_r03,86,1779372492,9079336,151193.750000,0,21.840000,0,0,0,0
cjson_parser,baseline-afl,AFL++ default,03,p1_e1_cjson_baseline-afl_r03,87,1779372492,9079336,151193.750000,0,21.840000,0,0,0,0
cjson_parser,baseline-afl,AFL++ default,03,p1_e1_cjson_baseline-afl_r03,88,1779372492,9079336,151193.750000,0,21.840000,0,0,0,0
cjson_parser,baseline-afl,AFL++ default,03,p1_e1_cjson_baseline-afl_r03,89,1779372492,9079336,151193.750000,0,21.840000,0,0,0,0
cjson_parser,baseline-afl,AFL++ default,03,p1_e1_cjson_baseline-afl_r03,90,1779372492,9079336,151193.750000,0,21.840000,0,0,0,0
cjson_parser,baseline-afl,AFL++ default,03,p1_e1_cjson_baseline-afl_r03,91,1779372492,9079336,151193.750000,0,21.840000,0,0,0,0
cjson_parser,baseline-afl,AFL++ default,03,p1_e1_cjson_baseline-afl_r03,92,1779372492,9079336,151193.750000,0,21.840000,0,0,0,0
cjson_parser,baseline-afl,AFL++ default,03,p1_e1_cjson_baseline-afl_r03,93,1779372492,9079336,151193.750000,0,21.840000,0,0,0,0
cjson_parser,baseline-afl,AFL++ default,03,p1_e1_cjson_baseline-afl_r03,94,1779372492,9079336,151193.750000,0,21.840000,0,0,0,0
cjson_parser,baseline-afl,AFL++ default,03,p1_e1_cjson_baseline-afl_r03,95,1779372492,9079336,151193.750000,0,21.840000,0,0,0,0
cjson_parser,baseline-afl,AFL++ default,03,p1_e1_cjson_baseline-afl_r03,96,1779372492,9079336,151193.750000,0,21.840000,0,0,0,0
cjson_parser,baseline-afl,AFL++ default,03,p1_e1_cjson_baseline-afl_r03,97,1779372492,9079336,151193.750000,0,21.840000,0,0,0,0
cjson_parser,baseline-afl,AFL++ default,03,p1_e1_cjson_baseline-afl_r03,98,1779372492,9079336,151193.750000,0,21.840000,0,0,0,0
cjson_parser,baseline-afl,AFL++ default,03,p1_e1_cjson_baseline-afl_r03,99,1779372492,9079336,151193.750000,0,21.840000,0,0,0,0
cjson_parser,baseline-afl,AFL++ default,03,p1_e1_cjson_baseline-afl_r03,100,1779372492,9079336,151193.750000,0,21.840000,0,0,0,0
cjson_parser,baseline-afl,AFL++ default,03,p1_e1_cjson_baseline-afl_r03,101,1779372492,9079336,151193.750000,0,21.840000,0,0,0,0
cjson_parser,baseline-afl,AFL++ default,03,p1_e1_cjson_baseline-afl_r03,102,1779372492,9079336,151193.750000,0,21.840000,0,0,0,0
cjson_parser,baseline-afl,AFL++ default,03,p1_e1_cjson_baseline-afl_r03,103,1779372492,9079336,151193.750000,0,21.840000,0,0,0,0
cjson_parser,baseline-afl,AFL++ default,03,p1_e1_cjson_baseline-afl_r03,104,1779372492,9079336,151193.750000,0,21.840000,0,0,0,0
cjson_parser,baseline-afl,AFL++ default,03,p1_e1_cjson_baseline-afl_r03,105,1779372492,9079336,151193.750000,0,21.840000,0,0,0,0
cjson_parser,baseline-afl,AFL++ default,03,p1_e1_cjson_baseline-afl_r03,106,1779372492,9079336,151193.750000,0,21.840000,0,0,0,0
cjson_parser,baseline-afl,AFL++ default,03,p1_e1_cjson_baseline-afl_r03,107,1779372492,9079336,151193.750000,0,21.840000,0,0,0,0
cjson_parser,baseline-afl,AFL++ default,03,p1_e1_cjson_baseline-afl_r03,108,1779372492,9079336,151193.750000,0,21.840000,0,0,0,0
cjson_parser,baseline-afl,AFL++ default,03,p1_e1_cjson_baseline-afl_r03,109,1779372492,9079336,151193.750000,0,21.840000,0,0,0,0
cjson_parser,baseline-afl,AFL++ default,03,p1_e1_cjson_baseline-afl_r03,110,1779372492,9079336,151193.750000,0,21.840000,0,0,0,0
cjson_parser,baseline-afl,AFL++ default,03,p1_e1_cjson_baseline-afl_r03,111,1779372492,9079336,151193.750000,0,21.840000,0,0,0,0
cjson_parser,baseline-afl,AFL++ default,03,p1_e1_cjson_baseline-afl_r03,112,1779372492,9079336,151193.750000,0,21.840000,0,0,0,0
cjson_parser,baseline-afl,AFL++ default,03,p1_e1_cjson_baseline-afl_r03,113,1779372492,9079336,151193.750000,0,21.840000,0,0,0,0
cjson_parser,baseline-afl,AFL++ default,03,p1_e1_cjson_baseline-afl_r03,114,1779372492,9079336,151193.750000,0,21.840000,0,0,0,0
cjson_parser,baseline-afl,AFL++ default,03,p1_e1_cjson_baseline-afl_r03,115,1779372492,9079336,151193.750000,0,21.840000,0,0,0,0
cjson_parser,baseline-afl,AFL++ default,03,p1_e1_cjson_baseline-afl_r03,116,1779372492,9079336,151193.750000,0,21.840000,0,0,0,0
cjson_parser,baseline-afl,AFL++ default,03,p1_e1_cjson_baseline-afl_r03,117,1779372492,9079336,151193.750000,0,21.840000,0,0,0,0
cjson_parser,baseline-afl,AFL++ default,03,p1_e1_cjson_baseline-afl_r03,118,1779372492,9079336,151193.750000,0,21.840000,0,0,0,0
cjson_parser,baseline-afl,AFL++ default,03,p1_e1_cjson_baseline-afl_r03,119,1779372552,18045347,150297.730000,0,21.840000,0,0,0,0
cjson_parser,baseline-afl,AFL++ default,04,p1_e1_cjson_baseline-afl_r04,0,1779372432,188,188000.000000,0,14.820000,0,0,0,0
cjson_parser,baseline-afl,AFL++ default,04,p1_e1_cjson_baseline-afl_r04,1,1779372432,188,188000.000000,0,14.820000,0,0,0,0
cjson_parser,baseline-afl,AFL++ default,04,p1_e1_cjson_baseline-afl_r04,2,1779372432,188,188000.000000,0,14.820000,0,0,0,0
cjson_parser,baseline-afl,AFL++ default,04,p1_e1_cjson_baseline-afl_r04,3,1779372432,188,188000.000000,0,14.820000,0,0,0,0
cjson_parser,baseline-afl,AFL++ default,04,p1_e1_cjson_baseline-afl_r04,4,1779372432,188,188000.000000,0,14.820000,0,0,0,0
cjson_parser,baseline-afl,AFL++ default,04,p1_e1_cjson_baseline-afl_r04,5,1779372432,188,188000.000000,0,14.820000,0,0,0,0
cjson_parser,baseline-afl,AFL++ default,04,p1_e1_cjson_baseline-afl_r04,6,1779372432,188,188000.000000,0,14.820000,0,0,0,0
cjson_parser,baseline-afl,AFL++ default,04,p1_e1_cjson_baseline-afl_r04,7,1779372432,188,188000.000000,0,14.820000,0,0,0,0
cjson_parser,baseline-afl,AFL++ default,04,p1_e1_cjson_baseline-afl_r04,8,1779372432,188,188000.000000,0,14.820000,0,0,0,0
cjson_parser,baseline-afl,AFL++ default,04,p1_e1_cjson_baseline-afl_r04,9,1779372432,188,188000.000000,0,14.820000,0,0,0,0
cjson_parser,baseline-afl,AFL++ default,04,p1_e1_cjson_baseline-afl_r04,10,1779372432,188,188000.000000,0,14.820000,0,0,0,0
cjson_parser,baseline-afl,AFL++ default,04,p1_e1_cjson_baseline-afl_r04,11,1779372432,188,188000.000000,0,14.820000,0,0,0,0
cjson_parser,baseline-afl,AFL++ default,04,p1_e1_cjson_baseline-afl_r04,12,1779372432,188,188000.000000,0,14.820000,0,0,0,0
cjson_parser,baseline-afl,AFL++ default,04,p1_e1_cjson_baseline-afl_r04,13,1779372432,188,188000.000000,0,14.820000,0,0,0,0
cjson_parser,baseline-afl,AFL++ default,04,p1_e1_cjson_baseline-afl_r04,14,1779372432,188,188000.000000,0,14.820000,0,0,0,0
cjson_parser,baseline-afl,AFL++ default,04,p1_e1_cjson_baseline-afl_r04,15,1779372432,188,188000.000000,0,14.820000,0,0,0,0
cjson_parser,baseline-afl,AFL++ default,04,p1_e1_cjson_baseline-afl_r04,16,1779372432,188,188000.000000,0,14.820000,0,0,0,0
cjson_parser,baseline-afl,AFL++ default,04,p1_e1_cjson_baseline-afl_r04,17,1779372432,188,188000.000000,0,14.820000,0,0,0,0
cjson_parser,baseline-afl,AFL++ default,04,p1_e1_cjson_baseline-afl_r04,18,1779372432,188,188000.000000,0,14.820000,0,0,0,0
cjson_parser,baseline-afl,AFL++ default,04,p1_e1_cjson_baseline-afl_r04,19,1779372432,188,188000.000000,0,14.820000,0,0,0,0
cjson_parser,baseline-afl,AFL++ default,04,p1_e1_cjson_baseline-afl_r04,20,1779372432,188,188000.000000,0,14.820000,0,0,0,0
cjson_parser,baseline-afl,AFL++ default,04,p1_e1_cjson_baseline-afl_r04,21,1779372432,188,188000.000000,0,14.820000,0,0,0,0
cjson_parser,baseline-afl,AFL++ default,04,p1_e1_cjson_baseline-afl_r04,22,1779372432,188,188000.000000,0,14.820000,0,0,0,0
cjson_parser,baseline-afl,AFL++ default,04,p1_e1_cjson_baseline-afl_r04,23,1779372432,188,188000.000000,0,14.820000,0,0,0,0
cjson_parser,baseline-afl,AFL++ default,04,p1_e1_cjson_baseline-afl_r04,24,1779372432,188,188000.000000,0,14.820000,0,0,0,0
cjson_parser,baseline-afl,AFL++ default,04,p1_e1_cjson_baseline-afl_r04,25,1779372432,188,188000.000000,0,14.820000,0,0,0,0
cjson_parser,baseline-afl,AFL++ default,04,p1_e1_cjson_baseline-afl_r04,26,1779372432,188,188000.000000,0,14.820000,0,0,0,0
cjson_parser,baseline-afl,AFL++ default,04,p1_e1_cjson_baseline-afl_r04,27,1779372432,188,188000.000000,0,14.820000,0,0,0,0
cjson_parser,baseline-afl,AFL++ default,04,p1_e1_cjson_baseline-afl_r04,28,1779372432,188,188000.000000,0,14.820000,0,0,0,0
cjson_parser,baseline-afl,AFL++ default,04,p1_e1_cjson_baseline-afl_r04,29,1779372432,188,188000.000000,0,14.820000,0,0,0,0
cjson_parser,baseline-afl,AFL++ default,04,p1_e1_cjson_baseline-afl_r04,30,1779372432,188,188000.000000,0,14.820000,0,0,0,0
cjson_parser,baseline-afl,AFL++ default,04,p1_e1_cjson_baseline-afl_r04,31,1779372432,188,188000.000000,0,14.820000,0,0,0,0
cjson_parser,baseline-afl,AFL++ default,04,p1_e1_cjson_baseline-afl_r04,32,1779372432,188,188000.000000,0,14.820000,0,0,0,0
cjson_parser,baseline-afl,AFL++ default,04,p1_e1_cjson_baseline-afl_r04,33,1779372432,188,188000.000000,0,14.820000,0,0,0,0
cjson_parser,baseline-afl,AFL++ default,04,p1_e1_cjson_baseline-afl_r04,34,1779372432,188,188000.000000,0,14.820000,0,0,0,0
cjson_parser,baseline-afl,AFL++ default,04,p1_e1_cjson_baseline-afl_r04,35,1779372432,188,188000.000000,0,14.820000,0,0,0,0
cjson_parser,baseline-afl,AFL++ default,04,p1_e1_cjson_baseline-afl_r04,36,1779372432,188,188000.000000,0,14.820000,0,0,0,0
cjson_parser,baseline-afl,AFL++ default,04,p1_e1_cjson_baseline-afl_r04,37,1779372432,188,188000.000000,0,14.820000,0,0,0,0
cjson_parser,baseline-afl,AFL++ default,04,p1_e1_cjson_baseline-afl_r04,38,1779372432,188,188000.000000,0,14.820000,0,0,0,0
cjson_parser,baseline-afl,AFL++ default,04,p1_e1_cjson_baseline-afl_r04,39,1779372432,188,188000.000000,0,14.820000,0,0,0,0
cjson_parser,baseline-afl,AFL++ default,04,p1_e1_cjson_baseline-afl_r04,40,1779372432,188,188000.000000,0,14.820000,0,0,0,0
cjson_parser,baseline-afl,AFL++ default,04,p1_e1_cjson_baseline-afl_r04,41,1779372432,188,188000.000000,0,14.820000,0,0,0,0
cjson_parser,baseline-afl,AFL++ default,04,p1_e1_cjson_baseline-afl_r04,42,1779372432,188,188000.000000,0,14.820000,0,0,0,0
cjson_parser,baseline-afl,AFL++ default,04,p1_e1_cjson_baseline-afl_r04,43,1779372432,188,188000.000000,0,14.820000,0,0,0,0
cjson_parser,baseline-afl,AFL++ default,04,p1_e1_cjson_baseline-afl_r04,44,1779372432,188,188000.000000,0,14.820000,0,0,0,0
cjson_parser,baseline-afl,AFL++ default,04,p1_e1_cjson_baseline-afl_r04,45,1779372432,188,188000.000000,0,14.820000,0,0,0,0
cjson_parser,baseline-afl,AFL++ default,04,p1_e1_cjson_baseline-afl_r04,46,1779372432,188,188000.000000,0,14.820000,0,0,0,0
cjson_parser,baseline-afl,AFL++ default,04,p1_e1_cjson_baseline-afl_r04,47,1779372432,188,188000.000000,0,14.820000,0,0,0,0
cjson_parser,baseline-afl,AFL++ default,04,p1_e1_cjson_baseline-afl_r04,48,1779372432,188,188000.000000,0,14.820000,0,0,0,0
cjson_parser,baseline-afl,AFL++ default,04,p1_e1_cjson_baseline-afl_r04,49,1779372432,188,188000.000000,0,14.820000,0,0,0,0
cjson_parser,baseline-afl,AFL++ default,04,p1_e1_cjson_baseline-afl_r04,50,1779372432,188,188000.000000,0,14.820000,0,0,0,0
cjson_parser,baseline-afl,AFL++ default,04,p1_e1_cjson_baseline-afl_r04,51,1779372432,188,188000.000000,0,14.820000,0,0,0,0
cjson_parser,baseline-afl,AFL++ default,04,p1_e1_cjson_baseline-afl_r04,52,1779372432,188,188000.000000,0,14.820000,0,0,0,0
cjson_parser,baseline-afl,AFL++ default,04,p1_e1_cjson_baseline-afl_r04,53,1779372432,188,188000.000000,0,14.820000,0,0,0,0
cjson_parser,baseline-afl,AFL++ default,04,p1_e1_cjson_baseline-afl_r04,54,1779372432,188,188000.000000,0,14.820000,0,0,0,0
cjson_parser,baseline-afl,AFL++ default,04,p1_e1_cjson_baseline-afl_r04,55,1779372432,188,188000.000000,0,14.820000,0,0,0,0
cjson_parser,baseline-afl,AFL++ default,04,p1_e1_cjson_baseline-afl_r04,56,1779372432,188,188000.000000,0,14.820000,0,0,0,0
cjson_parser,baseline-afl,AFL++ default,04,p1_e1_cjson_baseline-afl_r04,57,1779372432,188,188000.000000,0,14.820000,0,0,0,0
cjson_parser,baseline-afl,AFL++ default,04,p1_e1_cjson_baseline-afl_r04,58,1779372432,188,188000.000000,0,14.820000,0,0,0,0
cjson_parser,baseline-afl,AFL++ default,04,p1_e1_cjson_baseline-afl_r04,59,1779372492,9082142,151253.070000,0,21.840000,0,0,0,0
cjson_parser,baseline-afl,AFL++ default,04,p1_e1_cjson_baseline-afl_r04,60,1779372492,9082142,151253.070000,0,21.840000,0,0,0,0
cjson_parser,baseline-afl,AFL++ default,04,p1_e1_cjson_baseline-afl_r04,61,1779372492,9082142,151253.070000,0,21.840000,0,0,0,0
cjson_parser,baseline-afl,AFL++ default,04,p1_e1_cjson_baseline-afl_r04,62,1779372492,9082142,151253.070000,0,21.840000,0,0,0,0
cjson_parser,baseline-afl,AFL++ default,04,p1_e1_cjson_baseline-afl_r04,63,1779372492,9082142,151253.070000,0,21.840000,0,0,0,0
cjson_parser,baseline-afl,AFL++ default,04,p1_e1_cjson_baseline-afl_r04,64,1779372492,9082142,151253.070000,0,21.840000,0,0,0,0
cjson_parser,baseline-afl,AFL++ default,04,p1_e1_cjson_baseline-afl_r04,65,1779372492,9082142,151253.070000,0,21.840000,0,0,0,0
cjson_parser,baseline-afl,AFL++ default,04,p1_e1_cjson_baseline-afl_r04,66,1779372492,9082142,151253.070000,0,21.840000,0,0,0,0
cjson_parser,baseline-afl,AFL++ default,04,p1_e1_cjson_baseline-afl_r04,67,1779372492,9082142,151253.070000,0,21.840000,0,0,0,0
cjson_parser,baseline-afl,AFL++ default,04,p1_e1_cjson_baseline-afl_r04,68,1779372492,9082142,151253.070000,0,21.840000,0,0,0,0
cjson_parser,baseline-afl,AFL++ default,04,p1_e1_cjson_baseline-afl_r04,69,1779372492,9082142,151253.070000,0,21.840000,0,0,0,0
cjson_parser,baseline-afl,AFL++ default,04,p1_e1_cjson_baseline-afl_r04,70,1779372492,9082142,151253.070000,0,21.840000,0,0,0,0
cjson_parser,baseline-afl,AFL++ default,04,p1_e1_cjson_baseline-afl_r04,71,1779372492,9082142,151253.070000,0,21.840000,0,0,0,0
cjson_parser,baseline-afl,AFL++ default,04,p1_e1_cjson_baseline-afl_r04,72,1779372492,9082142,151253.070000,0,21.840000,0,0,0,0
cjson_parser,baseline-afl,AFL++ default,04,p1_e1_cjson_baseline-afl_r04,73,1779372492,9082142,151253.070000,0,21.840000,0,0,0,0
cjson_parser,baseline-afl,AFL++ default,04,p1_e1_cjson_baseline-afl_r04,74,1779372492,9082142,151253.070000,0,21.840000,0,0,0,0
cjson_parser,baseline-afl,AFL++ default,04,p1_e1_cjson_baseline-afl_r04,75,1779372492,9082142,151253.070000,0,21.840000,0,0,0,0
cjson_parser,baseline-afl,AFL++ default,04,p1_e1_cjson_baseline-afl_r04,76,1779372492,9082142,151253.070000,0,21.840000,0,0,0,0
cjson_parser,baseline-afl,AFL++ default,04,p1_e1_cjson_baseline-afl_r04,77,1779372492,9082142,151253.070000,0,21.840000,0,0,0,0
cjson_parser,baseline-afl,AFL++ default,04,p1_e1_cjson_baseline-afl_r04,78,1779372492,9082142,151253.070000,0,21.840000,0,0,0,0
cjson_parser,baseline-afl,AFL++ default,04,p1_e1_cjson_baseline-afl_r04,79,1779372492,9082142,151253.070000,0,21.840000,0,0,0,0
cjson_parser,baseline-afl,AFL++ default,04,p1_e1_cjson_baseline-afl_r04,80,1779372492,9082142,151253.070000,0,21.840000,0,0,0,0
cjson_parser,baseline-afl,AFL++ default,04,p1_e1_cjson_baseline-afl_r04,81,1779372492,9082142,151253.070000,0,21.840000,0,0,0,0
cjson_parser,baseline-afl,AFL++ default,04,p1_e1_cjson_baseline-afl_r04,82,1779372492,9082142,151253.070000,0,21.840000,0,0,0,0
cjson_parser,baseline-afl,AFL++ default,04,p1_e1_cjson_baseline-afl_r04,83,1779372492,9082142,151253.070000,0,21.840000,0,0,0,0
cjson_parser,baseline-afl,AFL++ default,04,p1_e1_cjson_baseline-afl_r04,84,1779372492,9082142,151253.070000,0,21.840000,0,0,0,0
cjson_parser,baseline-afl,AFL++ default,04,p1_e1_cjson_baseline-afl_r04,85,1779372492,9082142,151253.070000,0,21.840000,0,0,0,0
cjson_parser,baseline-afl,AFL++ default,04,p1_e1_cjson_baseline-afl_r04,86,1779372492,9082142,151253.070000,0,21.840000,0,0,0,0
cjson_parser,baseline-afl,AFL++ default,04,p1_e1_cjson_baseline-afl_r04,87,1779372492,9082142,151253.070000,0,21.840000,0,0,0,0
cjson_parser,baseline-afl,AFL++ default,04,p1_e1_cjson_baseline-afl_r04,88,1779372492,9082142,151253.070000,0,21.840000,0,0,0,0
cjson_parser,baseline-afl,AFL++ default,04,p1_e1_cjson_baseline-afl_r04,89,1779372492,9082142,151253.070000,0,21.840000,0,0,0,0
cjson_parser,baseline-afl,AFL++ default,04,p1_e1_cjson_baseline-afl_r04,90,1779372492,9082142,151253.070000,0,21.840000,0,0,0,0
cjson_parser,baseline-afl,AFL++ default,04,p1_e1_cjson_baseline-afl_r04,91,1779372492,9082142,151253.070000,0,21.840000,0,0,0,0
cjson_parser,baseline-afl,AFL++ default,04,p1_e1_cjson_baseline-afl_r04,92,1779372492,9082142,151253.070000,0,21.840000,0,0,0,0
cjson_parser,baseline-afl,AFL++ default,04,p1_e1_cjson_baseline-afl_r04,93,1779372492,9082142,151253.070000,0,21.840000,0,0,0,0
cjson_parser,baseline-afl,AFL++ default,04,p1_e1_cjson_baseline-afl_r04,94,1779372492,9082142,151253.070000,0,21.840000,0,0,0,0
cjson_parser,baseline-afl,AFL++ default,04,p1_e1_cjson_baseline-afl_r04,95,1779372492,9082142,151253.070000,0,21.840000,0,0,0,0
cjson_parser,baseline-afl,AFL++ default,04,p1_e1_cjson_baseline-afl_r04,96,1779372492,9082142,151253.070000,0,21.840000,0,0,0,0
cjson_parser,baseline-afl,AFL++ default,04,p1_e1_cjson_baseline-afl_r04,97,1779372492,9082142,151253.070000,0,21.840000,0,0,0,0
cjson_parser,baseline-afl,AFL++ default,04,p1_e1_cjson_baseline-afl_r04,98,1779372492,9082142,151253.070000,0,21.840000,0,0,0,0
cjson_parser,baseline-afl,AFL++ default,04,p1_e1_cjson_baseline-afl_r04,99,1779372492,9082142,151253.070000,0,21.840000,0,0,0,0
cjson_parser,baseline-afl,AFL++ default,04,p1_e1_cjson_baseline-afl_r04,100,1779372492,9082142,151253.070000,0,21.840000,0,0,0,0
cjson_parser,baseline-afl,AFL++ default,04,p1_e1_cjson_baseline-afl_r04,101,1779372492,9082142,151253.070000,0,21.840000,0,0,0,0
cjson_parser,baseline-afl,AFL++ default,04,p1_e1_cjson_baseline-afl_r04,102,1779372492,9082142,151253.070000,0,21.840000,0,0,0,0
cjson_parser,baseline-afl,AFL++ default,04,p1_e1_cjson_baseline-afl_r04,103,1779372492,9082142,151253.070000,0,21.840000,0,0,0,0
cjson_parser,baseline-afl,AFL++ default,04,p1_e1_cjson_baseline-afl_r04,104,1779372492,9082142,151253.070000,0,21.840000,0,0,0,0
cjson_parser,baseline-afl,AFL++ default,04,p1_e1_cjson_baseline-afl_r04,105,1779372492,9082142,151253.070000,0,21.840000,0,0,0,0
cjson_parser,baseline-afl,AFL++ default,04,p1_e1_cjson_baseline-afl_r04,106,1779372492,9082142,151253.070000,0,21.840000,0,0,0,0
cjson_parser,baseline-afl,AFL++ default,04,p1_e1_cjson_baseline-afl_r04,107,1779372492,9082142,151253.070000,0,21.840000,0,0,0,0
cjson_parser,baseline-afl,AFL++ default,04,p1_e1_cjson_baseline-afl_r04,108,1779372492,9082142,151253.070000,0,21.840000,0,0,0,0
cjson_parser,baseline-afl,AFL++ default,04,p1_e1_cjson_baseline-afl_r04,109,1779372492,9082142,151253.070000,0,21.840000,0,0,0,0
cjson_parser,baseline-afl,AFL++ default,04,p1_e1_cjson_baseline-afl_r04,110,1779372492,9082142,151253.070000,0,21.840000,0,0,0,0
cjson_parser,baseline-afl,AFL++ default,04,p1_e1_cjson_baseline-afl_r04,111,1779372492,9082142,151253.070000,0,21.840000,0,0,0,0
cjson_parser,baseline-afl,AFL++ default,04,p1_e1_cjson_baseline-afl_r04,112,1779372492,9082142,151253.070000,0,21.840000,0,0,0,0
cjson_parser,baseline-afl,AFL++ default,04,p1_e1_cjson_baseline-afl_r04,113,1779372492,9082142,151253.070000,0,21.840000,0,0,0,0
cjson_parser,baseline-afl,AFL++ default,04,p1_e1_cjson_baseline-afl_r04,114,1779372492,9082142,151253.070000,0,21.840000,0,0,0,0
cjson_parser,baseline-afl,AFL++ default,04,p1_e1_cjson_baseline-afl_r04,115,1779372492,9082142,151253.070000,0,21.840000,0,0,0,0
cjson_parser,baseline-afl,AFL++ default,04,p1_e1_cjson_baseline-afl_r04,116,1779372492,9082142,151253.070000,0,21.840000,0,0,0,0
cjson_parser,baseline-afl,AFL++ default,04,p1_e1_cjson_baseline-afl_r04,117,1779372492,9082142,151253.070000,0,21.840000,0,0,0,0
cjson_parser,baseline-afl,AFL++ default,04,p1_e1_cjson_baseline-afl_r04,118,1779372492,9082142,151253.070000,0,21.840000,0,0,0,0
cjson_parser,baseline-afl,AFL++ default,04,p1_e1_cjson_baseline-afl_r04,119,1779372552,18048517,150326.640000,0,21.840000,0,0,0,0
cjson_parser,baseline-afl,AFL++ default,05,p1_e1_cjson_baseline-afl_r05,0,1779372554,188,188000.000000,0,14.820000,0,0,0,0
cjson_parser,baseline-afl,AFL++ default,05,p1_e1_cjson_baseline-afl_r05,1,1779372554,188,188000.000000,0,14.820000,0,0,0,0
cjson_parser,baseline-afl,AFL++ default,05,p1_e1_cjson_baseline-afl_r05,2,1779372554,188,188000.000000,0,14.820000,0,0,0,0
cjson_parser,baseline-afl,AFL++ default,05,p1_e1_cjson_baseline-afl_r05,3,1779372554,188,188000.000000,0,14.820000,0,0,0,0
cjson_parser,baseline-afl,AFL++ default,05,p1_e1_cjson_baseline-afl_r05,4,1779372554,188,188000.000000,0,14.820000,0,0,0,0
cjson_parser,baseline-afl,AFL++ default,05,p1_e1_cjson_baseline-afl_r05,5,1779372554,188,188000.000000,0,14.820000,0,0,0,0
cjson_parser,baseline-afl,AFL++ default,05,p1_e1_cjson_baseline-afl_r05,6,1779372554,188,188000.000000,0,14.820000,0,0,0,0
cjson_parser,baseline-afl,AFL++ default,05,p1_e1_cjson_baseline-afl_r05,7,1779372554,188,188000.000000,0,14.820000,0,0,0,0
cjson_parser,baseline-afl,AFL++ default,05,p1_e1_cjson_baseline-afl_r05,8,1779372554,188,188000.000000,0,14.820000,0,0,0,0
cjson_parser,baseline-afl,AFL++ default,05,p1_e1_cjson_baseline-afl_r05,9,1779372554,188,188000.000000,0,14.820000,0,0,0,0
cjson_parser,baseline-afl,AFL++ default,05,p1_e1_cjson_baseline-afl_r05,10,1779372554,188,188000.000000,0,14.820000,0,0,0,0
cjson_parser,baseline-afl,AFL++ default,05,p1_e1_cjson_baseline-afl_r05,11,1779372554,188,188000.000000,0,14.820000,0,0,0,0
cjson_parser,baseline-afl,AFL++ default,05,p1_e1_cjson_baseline-afl_r05,12,1779372554,188,188000.000000,0,14.820000,0,0,0,0
cjson_parser,baseline-afl,AFL++ default,05,p1_e1_cjson_baseline-afl_r05,13,1779372554,188,188000.000000,0,14.820000,0,0,0,0
cjson_parser,baseline-afl,AFL++ default,05,p1_e1_cjson_baseline-afl_r05,14,1779372554,188,188000.000000,0,14.820000,0,0,0,0
cjson_parser,baseline-afl,AFL++ default,05,p1_e1_cjson_baseline-afl_r05,15,1779372554,188,188000.000000,0,14.820000,0,0,0,0
cjson_parser,baseline-afl,AFL++ default,05,p1_e1_cjson_baseline-afl_r05,16,1779372554,188,188000.000000,0,14.820000,0,0,0,0
cjson_parser,baseline-afl,AFL++ default,05,p1_e1_cjson_baseline-afl_r05,17,1779372554,188,188000.000000,0,14.820000,0,0,0,0
cjson_parser,baseline-afl,AFL++ default,05,p1_e1_cjson_baseline-afl_r05,18,1779372554,188,188000.000000,0,14.820000,0,0,0,0
cjson_parser,baseline-afl,AFL++ default,05,p1_e1_cjson_baseline-afl_r05,19,1779372554,188,188000.000000,0,14.820000,0,0,0,0
cjson_parser,baseline-afl,AFL++ default,05,p1_e1_cjson_baseline-afl_r05,20,1779372554,188,188000.000000,0,14.820000,0,0,0,0
cjson_parser,baseline-afl,AFL++ default,05,p1_e1_cjson_baseline-afl_r05,21,1779372554,188,188000.000000,0,14.820000,0,0,0,0
cjson_parser,baseline-afl,AFL++ default,05,p1_e1_cjson_baseline-afl_r05,22,1779372554,188,188000.000000,0,14.820000,0,0,0,0
cjson_parser,baseline-afl,AFL++ default,05,p1_e1_cjson_baseline-afl_r05,23,1779372554,188,188000.000000,0,14.820000,0,0,0,0
cjson_parser,baseline-afl,AFL++ default,05,p1_e1_cjson_baseline-afl_r05,24,1779372554,188,188000.000000,0,14.820000,0,0,0,0
cjson_parser,baseline-afl,AFL++ default,05,p1_e1_cjson_baseline-afl_r05,25,1779372554,188,188000.000000,0,14.820000,0,0,0,0
cjson_parser,baseline-afl,AFL++ default,05,p1_e1_cjson_baseline-afl_r05,26,1779372554,188,188000.000000,0,14.820000,0,0,0,0
cjson_parser,baseline-afl,AFL++ default,05,p1_e1_cjson_baseline-afl_r05,27,1779372554,188,188000.000000,0,14.820000,0,0,0,0
cjson_parser,baseline-afl,AFL++ default,05,p1_e1_cjson_baseline-afl_r05,28,1779372554,188,188000.000000,0,14.820000,0,0,0,0
cjson_parser,baseline-afl,AFL++ default,05,p1_e1_cjson_baseline-afl_r05,29,1779372554,188,188000.000000,0,14.820000,0,0,0,0
cjson_parser,baseline-afl,AFL++ default,05,p1_e1_cjson_baseline-afl_r05,30,1779372554,188,188000.000000,0,14.820000,0,0,0,0
cjson_parser,baseline-afl,AFL++ default,05,p1_e1_cjson_baseline-afl_r05,31,1779372554,188,188000.000000,0,14.820000,0,0,0,0
cjson_parser,baseline-afl,AFL++ default,05,p1_e1_cjson_baseline-afl_r05,32,1779372554,188,188000.000000,0,14.820000,0,0,0,0
cjson_parser,baseline-afl,AFL++ default,05,p1_e1_cjson_baseline-afl_r05,33,1779372554,188,188000.000000,0,14.820000,0,0,0,0
cjson_parser,baseline-afl,AFL++ default,05,p1_e1_cjson_baseline-afl_r05,34,1779372554,188,188000.000000,0,14.820000,0,0,0,0
cjson_parser,baseline-afl,AFL++ default,05,p1_e1_cjson_baseline-afl_r05,35,1779372554,188,188000.000000,0,14.820000,0,0,0,0
cjson_parser,baseline-afl,AFL++ default,05,p1_e1_cjson_baseline-afl_r05,36,1779372554,188,188000.000000,0,14.820000,0,0,0,0
cjson_parser,baseline-afl,AFL++ default,05,p1_e1_cjson_baseline-afl_r05,37,1779372554,188,188000.000000,0,14.820000,0,0,0,0
cjson_parser,baseline-afl,AFL++ default,05,p1_e1_cjson_baseline-afl_r05,38,1779372554,188,188000.000000,0,14.820000,0,0,0,0
cjson_parser,baseline-afl,AFL++ default,05,p1_e1_cjson_baseline-afl_r05,39,1779372554,188,188000.000000,0,14.820000,0,0,0,0
cjson_parser,baseline-afl,AFL++ default,05,p1_e1_cjson_baseline-afl_r05,40,1779372554,188,188000.000000,0,14.820000,0,0,0,0
cjson_parser,baseline-afl,AFL++ default,05,p1_e1_cjson_baseline-afl_r05,41,1779372554,188,188000.000000,0,14.820000,0,0,0,0
cjson_parser,baseline-afl,AFL++ default,05,p1_e1_cjson_baseline-afl_r05,42,1779372554,188,188000.000000,0,14.820000,0,0,0,0
cjson_parser,baseline-afl,AFL++ default,05,p1_e1_cjson_baseline-afl_r05,43,1779372554,188,188000.000000,0,14.820000,0,0,0,0
cjson_parser,baseline-afl,AFL++ default,05,p1_e1_cjson_baseline-afl_r05,44,1779372554,188,188000.000000,0,14.820000,0,0,0,0
cjson_parser,baseline-afl,AFL++ default,05,p1_e1_cjson_baseline-afl_r05,45,1779372554,188,188000.000000,0,14.820000,0,0,0,0
cjson_parser,baseline-afl,AFL++ default,05,p1_e1_cjson_baseline-afl_r05,46,1779372554,188,188000.000000,0,14.820000,0,0,0,0
cjson_parser,baseline-afl,AFL++ default,05,p1_e1_cjson_baseline-afl_r05,47,1779372554,188,188000.000000,0,14.820000,0,0,0,0
cjson_parser,baseline-afl,AFL++ default,05,p1_e1_cjson_baseline-afl_r05,48,1779372554,188,188000.000000,0,14.820000,0,0,0,0
cjson_parser,baseline-afl,AFL++ default,05,p1_e1_cjson_baseline-afl_r05,49,1779372554,188,188000.000000,0,14.820000,0,0,0,0
cjson_parser,baseline-afl,AFL++ default,05,p1_e1_cjson_baseline-afl_r05,50,1779372554,188,188000.000000,0,14.820000,0,0,0,0
cjson_parser,baseline-afl,AFL++ default,05,p1_e1_cjson_baseline-afl_r05,51,1779372554,188,188000.000000,0,14.820000,0,0,0,0
cjson_parser,baseline-afl,AFL++ default,05,p1_e1_cjson_baseline-afl_r05,52,1779372554,188,188000.000000,0,14.820000,0,0,0,0
cjson_parser,baseline-afl,AFL++ default,05,p1_e1_cjson_baseline-afl_r05,53,1779372554,188,188000.000000,0,14.820000,0,0,0,0
cjson_parser,baseline-afl,AFL++ default,05,p1_e1_cjson_baseline-afl_r05,54,1779372554,188,188000.000000,0,14.820000,0,0,0,0
cjson_parser,baseline-afl,AFL++ default,05,p1_e1_cjson_baseline-afl_r05,55,1779372554,188,188000.000000,0,14.820000,0,0,0,0
cjson_parser,baseline-afl,AFL++ default,05,p1_e1_cjson_baseline-afl_r05,56,1779372554,188,188000.000000,0,14.820000,0,0,0,0
cjson_parser,baseline-afl,AFL++ default,05,p1_e1_cjson_baseline-afl_r05,57,1779372554,188,188000.000000,0,14.820000,0,0,0,0
cjson_parser,baseline-afl,AFL++ default,05,p1_e1_cjson_baseline-afl_r05,58,1779372554,188,188000.000000,0,14.820000,0,0,0,0
cjson_parser,baseline-afl,AFL++ default,05,p1_e1_cjson_baseline-afl_r05,59,1779372614,10199986,169861.050000,0,21.840000,0,0,0,0
cjson_parser,baseline-afl,AFL++ default,05,p1_e1_cjson_baseline-afl_r05,60,1779372614,10199986,169861.050000,0,21.840000,0,0,0,0
cjson_parser,baseline-afl,AFL++ default,05,p1_e1_cjson_baseline-afl_r05,61,1779372614,10199986,169861.050000,0,21.840000,0,0,0,0
cjson_parser,baseline-afl,AFL++ default,05,p1_e1_cjson_baseline-afl_r05,62,1779372614,10199986,169861.050000,0,21.840000,0,0,0,0
cjson_parser,baseline-afl,AFL++ default,05,p1_e1_cjson_baseline-afl_r05,63,1779372614,10199986,169861.050000,0,21.840000,0,0,0,0
cjson_parser,baseline-afl,AFL++ default,05,p1_e1_cjson_baseline-afl_r05,64,1779372614,10199986,169861.050000,0,21.840000,0,0,0,0
cjson_parser,baseline-afl,AFL++ default,05,p1_e1_cjson_baseline-afl_r05,65,1779372614,10199986,169861.050000,0,21.840000,0,0,0,0
cjson_parser,baseline-afl,AFL++ default,05,p1_e1_cjson_baseline-afl_r05,66,1779372614,10199986,169861.050000,0,21.840000,0,0,0,0
cjson_parser,baseline-afl,AFL++ default,05,p1_e1_cjson_baseline-afl_r05,67,1779372614,10199986,169861.050000,0,21.840000,0,0,0,0
cjson_parser,baseline-afl,AFL++ default,05,p1_e1_cjson_baseline-afl_r05,68,1779372614,10199986,169861.050000,0,21.840000,0,0,0,0
cjson_parser,baseline-afl,AFL++ default,05,p1_e1_cjson_baseline-afl_r05,69,1779372614,10199986,169861.050000,0,21.840000,0,0,0,0
cjson_parser,baseline-afl,AFL++ default,05,p1_e1_cjson_baseline-afl_r05,70,1779372614,10199986,169861.050000,0,21.840000,0,0,0,0
cjson_parser,baseline-afl,AFL++ default,05,p1_e1_cjson_baseline-afl_r05,71,1779372614,10199986,169861.050000,0,21.840000,0,0,0,0
cjson_parser,baseline-afl,AFL++ default,05,p1_e1_cjson_baseline-afl_r05,72,1779372614,10199986,169861.050000,0,21.840000,0,0,0,0
cjson_parser,baseline-afl,AFL++ default,05,p1_e1_cjson_baseline-afl_r05,73,1779372614,10199986,169861.050000,0,21.840000,0,0,0,0
cjson_parser,baseline-afl,AFL++ default,05,p1_e1_cjson_baseline-afl_r05,74,1779372614,10199986,169861.050000,0,21.840000,0,0,0,0
cjson_parser,baseline-afl,AFL++ default,05,p1_e1_cjson_baseline-afl_r05,75,1779372614,10199986,169861.050000,0,21.840000,0,0,0,0
cjson_parser,baseline-afl,AFL++ default,05,p1_e1_cjson_baseline-afl_r05,76,1779372614,10199986,169861.050000,0,21.840000,0,0,0,0
cjson_parser,baseline-afl,AFL++ default,05,p1_e1_cjson_baseline-afl_r05,77,1779372614,10199986,169861.050000,0,21.840000,0,0,0,0
cjson_parser,baseline-afl,AFL++ default,05,p1_e1_cjson_baseline-afl_r05,78,1779372614,10199986,169861.050000,0,21.840000,0,0,0,0
cjson_parser,baseline-afl,AFL++ default,05,p1_e1_cjson_baseline-afl_r05,79,1779372614,10199986,169861.050000,0,21.840000,0,0,0,0
cjson_parser,baseline-afl,AFL++ default,05,p1_e1_cjson_baseline-afl_r05,80,1779372614,10199986,169861.050000,0,21.840000,0,0,0,0
cjson_parser,baseline-afl,AFL++ default,05,p1_e1_cjson_baseline-afl_r05,81,1779372614,10199986,169861.050000,0,21.840000,0,0,0,0
cjson_parser,baseline-afl,AFL++ default,05,p1_e1_cjson_baseline-afl_r05,82,1779372614,10199986,169861.050000,0,21.840000,0,0,0,0
cjson_parser,baseline-afl,AFL++ default,05,p1_e1_cjson_baseline-afl_r05,83,1779372614,10199986,169861.050000,0,21.840000,0,0,0,0
cjson_parser,baseline-afl,AFL++ default,05,p1_e1_cjson_baseline-afl_r05,84,1779372614,10199986,169861.050000,0,21.840000,0,0,0,0
cjson_parser,baseline-afl,AFL++ default,05,p1_e1_cjson_baseline-afl_r05,85,1779372614,10199986,169861.050000,0,21.840000,0,0,0,0
cjson_parser,baseline-afl,AFL++ default,05,p1_e1_cjson_baseline-afl_r05,86,1779372614,10199986,169861.050000,0,21.840000,0,0,0,0
cjson_parser,baseline-afl,AFL++ default,05,p1_e1_cjson_baseline-afl_r05,87,1779372614,10199986,169861.050000,0,21.840000,0,0,0,0
cjson_parser,baseline-afl,AFL++ default,05,p1_e1_cjson_baseline-afl_r05,88,1779372614,10199986,169861.050000,0,21.840000,0,0,0,0
cjson_parser,baseline-afl,AFL++ default,05,p1_e1_cjson_baseline-afl_r05,89,1779372614,10199986,169861.050000,0,21.840000,0,0,0,0
cjson_parser,baseline-afl,AFL++ default,05,p1_e1_cjson_baseline-afl_r05,90,1779372614,10199986,169861.050000,0,21.840000,0,0,0,0
cjson_parser,baseline-afl,AFL++ default,05,p1_e1_cjson_baseline-afl_r05,91,1779372614,10199986,169861.050000,0,21.840000,0,0,0,0
cjson_parser,baseline-afl,AFL++ default,05,p1_e1_cjson_baseline-afl_r05,92,1779372614,10199986,169861.050000,0,21.840000,0,0,0,0
cjson_parser,baseline-afl,AFL++ default,05,p1_e1_cjson_baseline-afl_r05,93,1779372614,10199986,169861.050000,0,21.840000,0,0,0,0
cjson_parser,baseline-afl,AFL++ default,05,p1_e1_cjson_baseline-afl_r05,94,1779372614,10199986,169861.050000,0,21.840000,0,0,0,0
cjson_parser,baseline-afl,AFL++ default,05,p1_e1_cjson_baseline-afl_r05,95,1779372614,10199986,169861.050000,0,21.840000,0,0,0,0
cjson_parser,baseline-afl,AFL++ default,05,p1_e1_cjson_baseline-afl_r05,96,1779372614,10199986,169861.050000,0,21.840000,0,0,0,0
cjson_parser,baseline-afl,AFL++ default,05,p1_e1_cjson_baseline-afl_r05,97,1779372614,10199986,169861.050000,0,21.840000,0,0,0,0
cjson_parser,baseline-afl,AFL++ default,05,p1_e1_cjson_baseline-afl_r05,98,1779372614,10199986,169861.050000,0,21.840000,0,0,0,0
cjson_parser,baseline-afl,AFL++ default,05,p1_e1_cjson_baseline-afl_r05,99,1779372614,10199986,169861.050000,0,21.840000,0,0,0,0
cjson_parser,baseline-afl,AFL++ default,05,p1_e1_cjson_baseline-afl_r05,100,1779372614,10199986,169861.050000,0,21.840000,0,0,0,0
cjson_parser,baseline-afl,AFL++ default,05,p1_e1_cjson_baseline-afl_r05,101,1779372614,10199986,169861.050000,0,21.840000,0,0,0,0
cjson_parser,baseline-afl,AFL++ default,05,p1_e1_cjson_baseline-afl_r05,102,1779372614,10199986,169861.050000,0,21.840000,0,0,0,0
cjson_parser,baseline-afl,AFL++ default,05,p1_e1_cjson_baseline-afl_r05,103,1779372614,10199986,169861.050000,0,21.840000,0,0,0,0
cjson_parser,baseline-afl,AFL++ default,05,p1_e1_cjson_baseline-afl_r05,104,1779372614,10199986,169861.050000,0,21.840000,0,0,0,0
cjson_parser,baseline-afl,AFL++ default,05,p1_e1_cjson_baseline-afl_r05,105,1779372614,10199986,169861.050000,0,21.840000,0,0,0,0
cjson_parser,baseline-afl,AFL++ default,05,p1_e1_cjson_baseline-afl_r05,106,1779372614,10199986,169861.050000,0,21.840000,0,0,0,0
cjson_parser,baseline-afl,AFL++ default,05,p1_e1_cjson_baseline-afl_r05,107,1779372614,10199986,169861.050000,0,21.840000,0,0,0,0
cjson_parser,baseline-afl,AFL++ default,05,p1_e1_cjson_baseline-afl_r05,108,1779372614,10199986,169861.050000,0,21.840000,0,0,0,0
cjson_parser,baseline-afl,AFL++ default,05,p1_e1_cjson_baseline-afl_r05,109,1779372614,10199986,169861.050000,0,21.840000,0,0,0,0
cjson_parser,baseline-afl,AFL++ default,05,p1_e1_cjson_baseline-afl_r05,110,1779372614,10199986,169861.050000,0,21.840000,0,0,0,0
cjson_parser,baseline-afl,AFL++ default,05,p1_e1_cjson_baseline-afl_r05,111,1779372614,10199986,169861.050000,0,21.840000,0,0,0,0
cjson_parser,baseline-afl,AFL++ default,05,p1_e1_cjson_baseline-afl_r05,112,1779372614,10199986,169861.050000,0,21.840000,0,0,0,0
cjson_parser,baseline-afl,AFL++ default,05,p1_e1_cjson_baseline-afl_r05,113,1779372614,10199986,169861.050000,0,21.840000,0,0,0,0
cjson_parser,baseline-afl,AFL++ default,05,p1_e1_cjson_baseline-afl_r05,114,1779372614,10199986,169861.050000,0,21.840000,0,0,0,0
cjson_parser,baseline-afl,AFL++ default,05,p1_e1_cjson_baseline-afl_r05,115,1779372614,10199986,169861.050000,0,21.840000,0,0,0,0
cjson_parser,baseline-afl,AFL++ default,05,p1_e1_cjson_baseline-afl_r05,116,1779372614,10199986,169861.050000,0,21.840000,0,0,0,0
cjson_parser,baseline-afl,AFL++ default,05,p1_e1_cjson_baseline-afl_r05,117,1779372614,10199986,169861.050000,0,21.840000,0,0,0,0
cjson_parser,baseline-afl,AFL++ default,05,p1_e1_cjson_baseline-afl_r05,118,1779372614,10199986,169861.050000,0,21.840000,0,0,0,0
cjson_parser,baseline-afl,AFL++ default,05,p1_e1_cjson_baseline-afl_r05,119,1779372674,20254531,168707.620000,0,21.840000,0,0,0,0
